model,date,portfolio_value
sarima,2025-06-30,10063.231058070747
sarima,2025-07-01,10192.442804593158
sarima,2025-07-02,10226.960472664967
sarima,2025-07-03,10176.864548822345
sarima,2025-07-04,10179.613433439667
sarima,2025-07-07,10178.696889979361
sarima,2025-07-08,10101.719917294817
sarima,2025-07-09,10115.771594983247
sarima,2025-07-10,10133.487954985709
sarima,2025-07-11,10251.397654200606
sarima,2025-07-14,10237.651739586809
sarima,2025-07-15,10171.366033824108
sarima,2025-07-16,10240.706387278764
sarima,2025-07-17,10202.829054203961
sarima,2025-07-18,10242.233711124742
sarima,2025-07-21,10391.605684955897
sarima,2025-07-22,10505.544193018533
sarima,2025-07-23,10367.780029569527
sarima,2025-07-24,10297.21736957993
sarima,2025-07-25,10184.1954049776
sarima,2025-07-28,10108.13497575336
sarima,2025-07-29,10151.815841137439
sarima,2025-07-30,10067.508012297641
sarima,2025-07-31,10059.56562999312
sarima,2025-08-01,10226.043929204661
sarima,2025-08-04,10307.602873427137
sarima,2025-08-05,10330.5127311168
sarima,2025-08-06,10324.709198807523
sarima,2025-08-07,10386.718696106927
sarima,2025-08-08,10505.239175707497
sarima,2025-08-11,10242.539474199375
sarima,2025-08-12,10229.709357282289
sarima,2025-08-13,10259.645053816164
sarima,2025-08-14,10187.860833055225
sarima,2025-08-15,10190.304700361508
sarima,2025-08-18,10177.169566133383
sarima,2025-08-19,10121.26936421789
sarima,2025-08-20,10212.908794976536
sarima,2025-08-21,10193.053584978828
sarima,2025-08-22,10307.602873427137
sarima,2025-08-25,10305.770532270122
sarima,2025-08-26,10350.979467263774
sarima,2025-08-27,10399.853830335052
sarima,2025-08-28,10482.940098403506
sarima,2025-08-29,10610.929538390978
sarima,2025-09-02,10842.166219519242
sarima,2025-09-03,10975.959937579586
sarima,2025-09-04,10892.26288912546
sarima,2025-09-05,11037.052891418683
sarima,2025-09-08,11113.114066406519
sarima,2025-09-09,11128.998085251966
sarima,2025-09-10,11129.914628712271
sarima,2025-09-11,11109.447892565297
sarima,2025-09-12,11147.630988714733
sarima,2025-09-15,11247.823582163572
sarima,2025-09-16,11268.28957254695
sarima,2025-09-17,11246.602021392227
sarima,2025-09-18,11130.219646023308
sarima,2025-09-19,11215.139001012374
sarima,2025-09-22,11426.520472142933
sarima,2025-09-23,11548.40136251009
sarima,2025-09-24,11400.25094945028
sarima,2025-09-25,11414.912661760785
sarima,2025-09-26,11532.21158059001
sarima,2025-09-29,11671.503067884994
sarima,2025-09-30,11732.291004413055
sarima,2025-10-01,11813.849948635532
sarima,2025-10-02,11728.930593646466
sarima,2025-10-03,11854.476912091252
sarima,2025-10-06,12061.276411683877
sarima,2025-10-07,12147.112310133249
sarima,2025-10-08,12350.85716203392
sarima,2025-10-09,12054.556335914296
sarima,2025-10-10,12144.973460138002
sarima,2025-10-13,12550.325805471293
sarima,2025-10-14,12642.270999304576
sarima,2025-10-15,12758.957646220935
sarima,2025-10-16,13074.503647716192
sarima,2025-10-17,12798.668066216349
sarima,2025-10-20,13246.17395308774
sarima,2025-10-21,12486.48322125128
sarima,2025-10-22,12354.216827036913
sarima,2025-10-23,12601.949053159893
sarima,2025-10-24,12580.260756241574
sarima,2025-10-27,12224.39430012883
sarima,2025-10-28,12115.34352667876
sarima,2025-10-29,12168.799861287971
sarima,2025-10-30,12222.561958971815
sarima,2025-10-31,12164.217889750038
sarima,2025-11-03,12219.50731127986
sarima,2025-11-04,12058.832544377594
sarima,2025-11-05,12158.414357440763
sarima,2025-11-06,12157.192050905822
sarima,2025-11-07,12216.757680898943
sarima,2025-11-10,12560.099783169233
sarima,2025-11-11,12544.82654470946
sarima,2025-11-12,12842.960457749696
sarima,2025-11-13,12789.504123140485
sarima,2025-11-14,12486.17820394024
sarima,2025-11-17,12427.223354332793
sarima,2025-11-18,12405.84082048911
sarima,2025-11-19,12455.93674433173
sarima,2025-11-20,12391.178362415005
sarima,2025-11-21,12452.882096639774
sarima,2025-11-24,12499.31259240477
sarima,2025-11-25,12643.798323150551
sarima,2025-11-26,12723.219163141379
sarima,2025-11-28,12885.41976236243
sarima,2025-12-01,12949.567363893482
sarima,2025-12-02,12788.588325443776
sarima,2025-12-03,12827.381456215286
sarima,2025-12-04,12865.564552364722
sarima,2025-12-05,12868.924963131312
sarima,2025-12-08,12790.421412364387
sarima,2025-12-09,12849.987042357507
sarima,2025-12-10,12818.523276214057
sarima,2025-12-11,13090.692683872676
sarima,2025-12-12,13135.290838480656
sarima,2025-12-15,13155.451811552995
sarima,2025-12-16,13148.730990019818
sarima,2025-12-17,13280.080840773879
sarima,2025-12-18,13255.64365923824
sarima,2025-12-19,13322.540145386612
sarima,2025-12-22,13576.687429968137
sarima,2025-12-23,13693.374076884498
sarima,2025-12-24,13686.654746878512
sarima,2025-12-26,13834.805159938325
sarima,2025-12-29,13211.657030779528
sarima,2025-12-30,13349.116176917498
sarima,2025-12-31,13213.184354625504
sarima,2026-01-02,13178.971703864732
sarima,2026-01-05,13553.166046129207
sarima,2026-01-06,13691.542481491078
sarima,2026-01-07,13591.04337920401
sarima,2026-01-08,13592.266431502545
sarima,2026-01-09,13716.28393457416
sarima,2026-01-12,14064.513771457016
sarima,2026-01-13,14018.389784530253
sarima,2026-01-14,14131.716020680024
sarima,2026-01-15,14101.169543760476
sarima,2026-01-16,14015.945171460373
sarima,2026-01-20,14538.901452933926
sarima,2026-01-21,14759.446121376754
sarima,2026-01-22,14994.653993657279
sarima,2026-01-23,15200.538441316794
sarima,2026-01-26,15516.694477434125
sarima,2026-01-27,15517.3045120562
sarima,2026-01-28,16194.520501973477
sarima,2026-01-29,16245.837986587441
sarima,2026-01-30,14399.303456800712
sarima,2026-02-02,14120.108956061473
sarima,2026-02-03,14979.076483650064
sarima,2026-02-04,15030.088205189395
sarima,2026-02-05,14849.863991364056
sarima,2026-02-06,15124.172249017922
sarima,2026-02-09,15428.719728989508
sarima,2026-02-10,15284.845524392995
sarima,2026-02-11,15491.951532823852
sarima,2026-02-12,15040.169437489163
sarima,2026-02-13,15340.44070899745
sarima,2026-02-17,14915.538916741087
sarima,2026-02-18,15232.000715933053
sarima,2026-02-19,15199.621152092892
sarima,2026-02-20,15454.37847129649
sarima,2026-02-23,15898.525438928486
sarima,2026-02-24,15749.151973570137
sarima,2026-02-25,15903.717445088494
sarima,2026-02-26,15812.38377740448
sarima,2026-02-27,15977.334752770044
sarima,2026-03-02,16172.526441980524
sarima,2026-03-03,15601.307323584959
sarima,2026-03-04,15640.407708958299
sarima,2026-03-05,15472.70635744822
sarima,2026-03-06,15719.522785874491
sarima,2026-03-09,15552.738723588316
sarima,2026-03-10,15974.891631227358
sarima,2026-03-11,15784.586185102253
sarima,2026-03-12,15626.966065891942
sarima,2026-03-13,15433.607463602075
sarima,2026-03-16,15254.910573622714
sarima,2026-03-17,15276.293107466397
sarima,2026-03-18,14936.92145058477
sarima,2026-03-19,14053.518232987733
sarima,2026-03-20,13960.961513005184
sarima,2026-03-23,13452.974198443964
sarima,2026-03-24,13438.310994606265
sarima,2026-03-25,13898.035472245474
sarima,2026-03-26,13365.610976148615
sarima,2026-03-27,13721.47743226136
sarima,2026-03-30,13825.335453787826
sarima,2026-03-31,14196.780911434978
sarima,2026-04-01,14610.9914367695
sarima,2026-04-02,14208.693739128164
sarima,2026-04-06,14224.882775284648
sarima,2026-04-07,14225.80006450855
sarima,2026-04-08,14508.049212939743
sarima,2026-04-09,14638.483265997094
sarima,2026-04-10,14545.926546014545
sarima,2026-04-13,14486.360916021426
sarima,2026-04-14,14738.675113682337
sarima,2026-04-15,14662.308921383465
sarima,2026-04-16,14617.710766775484
sarima,2026-04-17,14838.256926745506
sarima,2026-04-20,14682.469894455806
sarima,2026-04-21,14351.95641757541
sarima,2026-04-22,14456.120202176511
sarima,2026-04-23,14372.423153722386
sarima,2026-04-24,14424.962199107693
sarima,2026-04-27,14281.699520660448
sarima,2026-04-28,14025.41487761087
sarima,2026-04-29,13883.985286084237
sarima,2026-04-30,14096.283300675103
sarima,2026-05-01,14142.7130506765
sarima,2026-05-04,13805.48024379012
sarima,2026-05-05,13916.363358397204
sarima,2026-05-06,14301.554730658154
sarima,2026-05-07,14356.232626038709
sarima,2026-05-08,14419.158666798417
sarima,2026-05-11,14413.96666063841
sarima,2026-05-12,14288.420342193625
sarima,2026-05-13,14349.819059107358
sarima,2026-05-14,14289.947666039603
sarima,2026-05-15,13916.363358397204
sarima,2026-05-18,13906.283617624631
sarima,2026-05-19,13765.158297645437
sarima,2026-05-20,13841.52448994431
sarima,2026-05-21,13867.488995325926
sarima,2026-05-22,13810.062215328051
sarima,2026-05-26,13747.136174568343
sarima,2026-05-27,13585.545609969367
sarima,2026-05-28,13743.775763801754
sarima,2026-05-29,13930.72079916027
sarima,2026-06-01,13670.159947647395
sarima,2026-06-02,13712.619252260129
sarima,2026-06-03,13552.556011507131
sarima,2026-06-04,13671.991543040813
sarima,2026-06-05,13248.312803082987
sarima,2026-06-08,13244.646629241763
sarima,2026-06-09,13012.799167727826
sarima,2026-06-10,12549.10424469995
patchtst,2025-06-30,10000.0
patchtst,2025-07-01,10000.0
patchtst,2025-07-02,10000.0
patchtst,2025-07-03,10000.0
patchtst,2025-07-04,10000.0
patchtst,2025-07-07,10000.0
patchtst,2025-07-08,10000.0
patchtst,2025-07-09,10000.0
patchtst,2025-07-10,10000.0
patchtst,2025-07-11,10000.0
patchtst,2025-07-14,10000.0
patchtst,2025-07-15,10000.0
patchtst,2025-07-16,10000.0
patchtst,2025-07-17,10000.0
patchtst,2025-07-18,10000.0
patchtst,2025-07-21,10000.0
patchtst,2025-07-22,10000.0
patchtst,2025-07-23,10000.0
patchtst,2025-07-24,10000.0
patchtst,2025-07-25,10000.0
patchtst,2025-07-28,9925.315229922766
patchtst,2025-07-29,9968.206065818085
patchtst,2025-07-30,9885.423061872001
patchtst,2025-07-31,9877.624328649896
patchtst,2025-08-01,10041.091635188586
patchtst,2025-08-04,10121.175471936862
patchtst,2025-08-05,10143.670972836682
patchtst,2025-08-06,10137.972405518896
patchtst,2025-08-07,10198.860374409493
patchtst,2025-08-08,10315.237245519646
patchtst,2025-08-11,10057.288835201709
patchtst,2025-08-12,10044.690768877474
patchtst,2025-08-13,10074.085036508322
patchtst,2025-08-14,10003.599133688887
patchtst,2025-08-15,10005.998800239951
patchtst,2025-08-18,9993.101233268972
patchtst,2025-08-19,9938.212064618327
patchtst,2025-08-20,10028.194068217606
patchtst,2025-08-21,10008.697967437762
patchtst,2025-08-22,10121.175471936862
patchtst,2025-08-25,10119.376271230129
patchtst,2025-08-26,10163.767539460858
patchtst,2025-08-27,10211.757941380474
patchtst,2025-08-28,10293.341478188737
patchtst,2025-08-29,10419.016050305563
patchtst,2025-09-02,10646.070492932664
patchtst,2025-09-03,10777.444364642697
patchtst,2025-09-04,10695.261094265521
patchtst,2025-09-05,10837.432367042216
patchtst,2025-09-08,10912.117869394871
patchtst,2025-09-09,10927.714603563662
patchtst,2025-09-10,10928.614570054739
patchtst,2025-09-11,10908.518003430563
patchtst,2025-09-12,10946.010504930264
patchtst,2025-09-15,11044.39097532056
patchtst,2025-09-16,11064.486809669315
patchtst,2025-09-17,11043.191508182737
patchtst,2025-09-18,10928.914070701485
patchtst,2025-09-19,11012.297540491902
patchtst,2025-09-22,11219.855882339158
patchtst,2025-09-23,11219.855882339158
patchtst,2025-09-24,11219.855882339158
patchtst,2025-09-25,11219.855882339158
patchtst,2025-09-26,11219.855882339158
patchtst,2025-09-29,11219.855882339158
patchtst,2025-09-30,11219.855882339158
patchtst,2025-10-01,11219.855882339158
patchtst,2025-10-02,11219.855882339158
patchtst,2025-10-03,11219.855882339158
patchtst,2025-10-06,11219.855882339158
patchtst,2025-10-07,11219.855882339158
patchtst,2025-10-08,11219.855882339158
patchtst,2025-10-09,11219.855882339158
patchtst,2025-10-10,11219.855882339158
patchtst,2025-10-13,11219.855882339158
patchtst,2025-10-14,11219.855882339158
patchtst,2025-10-15,11219.855882339158
patchtst,2025-10-16,11219.855882339158
patchtst,2025-10-17,11219.855882339158
patchtst,2025-10-20,11219.855882339158
patchtst,2025-10-21,11219.855882339158
patchtst,2025-10-22,11219.855882339158
patchtst,2025-10-23,11219.855882339158
patchtst,2025-10-24,11219.855882339158
patchtst,2025-10-27,11219.855882339158
patchtst,2025-10-28,11219.855882339158
patchtst,2025-10-29,11219.855882339158
patchtst,2025-10-30,11219.855882339158
patchtst,2025-10-31,11219.855882339158
patchtst,2025-11-03,11219.855882339158
patchtst,2025-11-04,11219.855882339158
patchtst,2025-11-05,11219.855882339158
patchtst,2025-11-06,11219.855882339158
patchtst,2025-11-07,11219.855882339158
patchtst,2025-11-10,11219.855882339158
patchtst,2025-11-11,11219.855882339158
patchtst,2025-11-12,11219.855882339158
patchtst,2025-11-13,11219.855882339158
patchtst,2025-11-14,11219.855882339158
patchtst,2025-11-17,11219.855882339158
patchtst,2025-11-18,11219.855882339158
patchtst,2025-11-19,11219.855882339158
patchtst,2025-11-20,11219.855882339158
patchtst,2025-11-21,11219.855882339158
patchtst,2025-11-24,11219.855882339158
patchtst,2025-11-25,11219.855882339158
patchtst,2025-11-26,11219.855882339158
patchtst,2025-11-28,11219.855882339158
patchtst,2025-12-01,11219.855882339158
patchtst,2025-12-02,11219.855882339158
patchtst,2025-12-03,11219.855882339158
patchtst,2025-12-04,11219.855882339158
patchtst,2025-12-05,11219.855882339158
patchtst,2025-12-08,11219.855882339158
patchtst,2025-12-09,11219.855882339158
patchtst,2025-12-10,11219.855882339158
patchtst,2025-12-11,11219.855882339158
patchtst,2025-12-12,11219.855882339158
patchtst,2025-12-15,11219.855882339158
patchtst,2025-12-16,11219.855882339158
patchtst,2025-12-17,11331.937146816004
patchtst,2025-12-18,11311.084818541241
patchtst,2025-12-19,11368.16781264838
patchtst,2025-12-22,11585.032535795952
patchtst,2025-12-23,11684.601639672872
patchtst,2025-12-24,11678.868013032381
patchtst,2025-12-26,11805.285253198126
patchtst,2025-12-29,11273.550882191694
patchtst,2025-12-30,11390.84522873723
patchtst,2025-12-31,11274.854152708866
patchtst,2026-01-02,11245.660384034154
patchtst,2026-01-05,11564.961660741446
patchtst,2026-01-06,11683.038733232355
patchtst,2026-01-07,11597.282515022305
patchtst,2026-01-08,11598.326149616136
patchtst,2026-01-09,11704.150697430461
patchtst,2026-01-12,12001.29637534582
patchtst,2026-01-13,11961.9386239073
patchtst,2026-01-14,12058.640278101417
patchtst,2026-01-15,12032.574867757963
patchtst,2026-01-16,12032.574867757963
patchtst,2026-01-20,12032.574867757963
patchtst,2026-01-21,12032.574867757963
patchtst,2026-01-22,12032.574867757963
patchtst,2026-01-23,12032.574867757963
patchtst,2026-01-26,12032.574867757963
patchtst,2026-01-27,12032.574867757963
patchtst,2026-01-28,12032.574867757963
patchtst,2026-01-29,12032.574867757963
patchtst,2026-01-30,12032.574867757963
patchtst,2026-02-02,12032.574867757963
patchtst,2026-02-03,12032.574867757963
patchtst,2026-02-04,12032.574867757963
patchtst,2026-02-05,12032.574867757963
patchtst,2026-02-06,12032.574867757963
patchtst,2026-02-09,12032.574867757963
patchtst,2026-02-10,12032.574867757963
patchtst,2026-02-11,12032.574867757963
patchtst,2026-02-12,12032.574867757963
patchtst,2026-02-13,12032.574867757963
patchtst,2026-02-17,11699.29483208268
patchtst,2026-02-18,11947.517837131638
patchtst,2026-02-19,11922.120292596717
patchtst,2026-02-20,12121.944181269531
patchtst,2026-02-23,12470.319546860246
patchtst,2026-02-24,12353.155546211516
patchtst,2026-02-25,12474.39199849441
patchtst,2026-02-26,12402.752648934507
patchtst,2026-02-27,12532.13517439427
patchtst,2026-03-02,12685.23759553995
patchtst,2026-03-03,12237.190701818177
patchtst,2026-03-04,12267.859854242653
patchtst,2026-03-05,12136.320017431728
patchtst,2026-03-06,12329.915313027757
patchtst,2026-03-09,12199.094969970067
patchtst,2026-03-10,12530.218864202729
patchtst,2026-03-11,12380.949063440135
patchtst,2026-03-12,12257.316638463542
patchtst,2026-03-13,12105.652034915793
patchtst,2026-03-16,11965.487632334383
patchtst,2026-03-17,11982.259441190277
patchtst,2026-03-18,11716.066640938576
patchtst,2026-03-19,11023.15203986586
patchtst,2026-03-20,10950.553365301645
patchtst,2026-03-23,10552.103574302864
patchtst,2026-03-24,10540.602203427983
patchtst,2026-03-25,10901.19609382973
patchtst,2026-03-26,10483.578521281355
patchtst,2026-03-27,10762.709340097326
patchtst,2026-03-30,10844.172411683103
patchtst,2026-03-31,11135.52292521865
patchtst,2026-04-01,11460.417056465983
patchtst,2026-04-02,11144.866984742368
patchtst,2026-04-06,11157.565172055556
patchtst,2026-04-07,11158.284665808791
patchtst,2026-04-08,11379.672308724901
patchtst,2026-04-09,11481.980810709278
patchtst,2026-04-10,11409.382136145063
patchtst,2026-04-13,11362.660668617928
patchtst,2026-04-14,11560.568247099198
patchtst,2026-04-15,11500.668929756715
patchtst,2026-04-16,11465.687494446996
patchtst,2026-04-17,11638.677190895505
patchtst,2026-04-20,11516.48258351684
patchtst,2026-04-21,11257.237870095158
patchtst,2026-04-22,11338.940772932012
patchtst,2026-04-23,11273.29135510636
patchtst,2026-04-24,11314.501383492861
patchtst,2026-04-27,11202.130498140072
patchtst,2026-04-28,11001.108623120408
patchtst,2026-04-29,10890.175555365548
patchtst,2026-04-30,11056.69565757765
patchtst,2026-05-01,11093.113740576753
patchtst,2026-05-04,10828.598589174058
patchtst,2026-05-05,10915.571929991926
patchtst,2026-05-06,11217.704320649118
patchtst,2026-05-07,11260.591997884627
patchtst,2026-05-08,11309.949269356543
patchtst,2026-05-11,11305.876817722377
patchtst,2026-05-12,11207.402106029627
patchtst,2026-05-13,11207.402106029627
patchtst,2026-05-14,11207.402106029627
patchtst,2026-05-15,11207.402106029627
patchtst,2026-05-18,11207.402106029627
patchtst,2026-05-19,11207.402106029627
patchtst,2026-05-20,11207.402106029627
patchtst,2026-05-21,11207.402106029627
patchtst,2026-05-22,11207.402106029627
patchtst,2026-05-26,11207.402106029627
patchtst,2026-05-27,11207.402106029627
patchtst,2026-05-28,11207.402106029627
patchtst,2026-05-29,11207.402106029627
patchtst,2026-06-01,11207.402106029627
patchtst,2026-06-02,11207.402106029627
patchtst,2026-06-03,11207.402106029627
patchtst,2026-06-04,11207.402106029627
patchtst,2026-06-05,11207.402106029627
patchtst,2026-06-08,11207.402106029627
patchtst,2026-06-09,11207.402106029627
patchtst,2026-06-10,11207.402106029627
chronos_t5_large,2025-06-30,10063.231058070747
chronos_t5_large,2025-07-01,10192.442804593158
chronos_t5_large,2025-07-02,10226.960472664967
chronos_t5_large,2025-07-03,10176.864548822345
chronos_t5_large,2025-07-04,10179.613433439667
chronos_t5_large,2025-07-07,10178.696889979361
chronos_t5_large,2025-07-08,10101.719917294817
chronos_t5_large,2025-07-09,10115.771594983247
chronos_t5_large,2025-07-10,10133.487954985709
chronos_t5_large,2025-07-11,10251.397654200606
chronos_t5_large,2025-07-14,10237.651739586809
chronos_t5_large,2025-07-15,10171.366033824108
chronos_t5_large,2025-07-16,10240.706387278764
chronos_t5_large,2025-07-17,10202.829054203961
chronos_t5_large,2025-07-18,10242.233711124742
chronos_t5_large,2025-07-21,10391.605684955897
chronos_t5_large,2025-07-22,10505.544193018533
chronos_t5_large,2025-07-23,10367.780029569527
chronos_t5_large,2025-07-24,10297.21736957993
chronos_t5_large,2025-07-25,10184.1954049776
chronos_t5_large,2025-07-28,10108.13497575336
chronos_t5_large,2025-07-29,10151.815841137439
chronos_t5_large,2025-07-30,10067.508012297641
chronos_t5_large,2025-07-31,10059.56562999312
chronos_t5_large,2025-08-01,10226.043929204661
chronos_t5_large,2025-08-04,10307.602873427137
chronos_t5_large,2025-08-05,10330.5127311168
chronos_t5_large,2025-08-06,10324.709198807523
chronos_t5_large,2025-08-07,10386.718696106927
chronos_t5_large,2025-08-08,10505.239175707497
chronos_t5_large,2025-08-11,10242.539474199375
chronos_t5_large,2025-08-12,10229.709357282289
chronos_t5_large,2025-08-13,10259.645053816164
chronos_t5_large,2025-08-14,10187.860833055225
chronos_t5_large,2025-08-15,10190.304700361508
chronos_t5_large,2025-08-18,10177.169566133383
chronos_t5_large,2025-08-19,10121.26936421789
chronos_t5_large,2025-08-20,10212.908794976536
chronos_t5_large,2025-08-21,10193.053584978828
chronos_t5_large,2025-08-22,10307.602873427137
chronos_t5_large,2025-08-25,10305.770532270122
chronos_t5_large,2025-08-26,10350.979467263774
chronos_t5_large,2025-08-27,10399.853830335052
chronos_t5_large,2025-08-28,10482.940098403506
chronos_t5_large,2025-08-29,10610.929538390978
chronos_t5_large,2025-09-02,10842.166219519242
chronos_t5_large,2025-09-03,10975.959937579586
chronos_t5_large,2025-09-04,10892.26288912546
chronos_t5_large,2025-09-05,11037.052891418683
chronos_t5_large,2025-09-08,11113.114066406519
chronos_t5_large,2025-09-09,11128.998085251966
chronos_t5_large,2025-09-10,11129.914628712271
chronos_t5_large,2025-09-11,11109.447892565297
chronos_t5_large,2025-09-12,11147.630988714733
chronos_t5_large,2025-09-15,11247.823582163572
chronos_t5_large,2025-09-16,11268.28957254695
chronos_t5_large,2025-09-17,11246.602021392227
chronos_t5_large,2025-09-18,11130.219646023308
chronos_t5_large,2025-09-19,11215.139001012374
chronos_t5_large,2025-09-22,11426.520472142933
chronos_t5_large,2025-09-23,11548.40136251009
chronos_t5_large,2025-09-24,11400.25094945028
chronos_t5_large,2025-09-25,11414.912661760785
chronos_t5_large,2025-09-26,11532.21158059001
chronos_t5_large,2025-09-29,11671.503067884994
chronos_t5_large,2025-09-30,11732.291004413055
chronos_t5_large,2025-10-01,11813.849948635532
chronos_t5_large,2025-10-02,11728.930593646466
chronos_t5_large,2025-10-03,11854.476912091252
chronos_t5_large,2025-10-06,12061.276411683877
chronos_t5_large,2025-10-07,12147.112310133249
chronos_t5_large,2025-10-08,12350.85716203392
chronos_t5_large,2025-10-09,12054.556335914296
chronos_t5_large,2025-10-10,12144.973460138002
chronos_t5_large,2025-10-13,12550.325805471293
chronos_t5_large,2025-10-14,12642.270999304576
chronos_t5_large,2025-10-15,12758.957646220935
chronos_t5_large,2025-10-16,13074.503647716192
chronos_t5_large,2025-10-17,12798.668066216349
chronos_t5_large,2025-10-20,13246.17395308774
chronos_t5_large,2025-10-21,13246.17395308774
chronos_t5_large,2025-10-22,13246.17395308774
chronos_t5_large,2025-10-23,13246.17395308774
chronos_t5_large,2025-10-24,13246.17395308774
chronos_t5_large,2025-10-27,13246.17395308774
chronos_t5_large,2025-10-28,13246.17395308774
chronos_t5_large,2025-10-29,13246.17395308774
chronos_t5_large,2025-10-30,13246.17395308774
chronos_t5_large,2025-10-31,13246.17395308774
chronos_t5_large,2025-11-03,13246.17395308774
chronos_t5_large,2025-11-04,13246.17395308774
chronos_t5_large,2025-11-05,13246.17395308774
chronos_t5_large,2025-11-06,13246.17395308774
chronos_t5_large,2025-11-07,13246.17395308774
chronos_t5_large,2025-11-10,13246.17395308774
chronos_t5_large,2025-11-11,13246.17395308774
chronos_t5_large,2025-11-12,13246.17395308774
chronos_t5_large,2025-11-13,13246.17395308774
chronos_t5_large,2025-11-14,13246.17395308774
chronos_t5_large,2025-11-17,13246.17395308774
chronos_t5_large,2025-11-18,13223.382316148787
chronos_t5_large,2025-11-19,13276.779547584934
chronos_t5_large,2025-11-20,13207.753606123091
chronos_t5_large,2025-11-21,13273.523599450798
chronos_t5_large,2025-11-24,13323.013852107824
chronos_t5_large,2025-11-25,13477.021152743517
chronos_t5_large,2025-11-26,13561.675804231056
chronos_t5_large,2025-11-28,13734.565378298943
chronos_t5_large,2025-12-01,13802.9402891158
chronos_t5_large,2025-12-02,13631.352776337884
chronos_t5_large,2025-12-03,13672.702363750357
chronos_t5_large,2025-12-04,13713.401715427059
chronos_t5_large,2025-12-05,13716.983576338293
chronos_t5_large,2025-12-08,13633.30666318205
chronos_t5_large,2025-12-09,13696.797651797704
chronos_t5_large,2025-12-10,13663.260432125047
chronos_t5_large,2025-12-11,13953.36572884026
chronos_t5_large,2025-12-12,14000.90288956233
chronos_t5_large,2025-12-15,14022.392465211315
chronos_t5_large,2025-12-16,14015.228743388845
chronos_t5_large,2025-12-17,14015.228743388845
chronos_t5_large,2025-12-18,14015.228743388845
chronos_t5_large,2025-12-19,14015.228743388845
chronos_t5_large,2025-12-22,14015.228743388845
chronos_t5_large,2025-12-23,14015.228743388845
chronos_t5_large,2025-12-24,14015.228743388845
chronos_t5_large,2025-12-26,14015.228743388845
chronos_t5_large,2025-12-29,14015.228743388845
chronos_t5_large,2025-12-30,14015.228743388845
chronos_t5_large,2025-12-31,14015.228743388845
chronos_t5_large,2026-01-02,14015.228743388845
chronos_t5_large,2026-01-05,14015.228743388845
chronos_t5_large,2026-01-06,14015.228743388845
chronos_t5_large,2026-01-07,14015.228743388845
chronos_t5_large,2026-01-08,14015.228743388845
chronos_t5_large,2026-01-09,14015.228743388845
chronos_t5_large,2026-01-12,14015.228743388845
chronos_t5_large,2026-01-13,14015.228743388845
chronos_t5_large,2026-01-14,14015.228743388845
chronos_t5_large,2026-01-15,14015.228743388845
chronos_t5_large,2026-01-16,13930.523778414774
chronos_t5_large,2026-01-20,14450.292857489994
chronos_t5_large,2026-01-21,14669.493397329526
chronos_t5_large,2026-01-22,14903.267774839653
chronos_t5_large,2026-01-23,15107.897441882495
chronos_t5_large,2026-01-26,15422.126637626627
chronos_t5_large,2026-01-27,15422.732954339806
chronos_t5_large,2026-01-28,16095.821592691147
chronos_t5_large,2026-01-29,16146.826318445848
chronos_t5_large,2026-01-30,14311.545653447514
chronos_t5_large,2026-02-02,14034.052727799506
chronos_t5_large,2026-02-03,14887.785203317764
chronos_t5_large,2026-02-04,14938.4860294974
chronos_t5_large,2026-02-05,14759.360207768861
chronos_t5_large,2026-02-06,15031.996669963622
chronos_t5_large,2026-02-09,15334.688058913915
chronos_t5_large,2026-02-10,15191.690708131368
chronos_t5_large,2026-02-11,15397.53449103752
chronos_t5_large,2026-02-12,14948.505820852863
chronos_t5_large,2026-02-13,15246.947063063088
chronos_t5_large,2026-02-17,14824.634871619091
chronos_t5_large,2026-02-18,15139.167966938288
chronos_t5_large,2026-02-19,15106.985743157296
chronos_t5_large,2026-02-20,15360.190421791265
chronos_t5_large,2026-02-23,15801.630497220987
chronos_t5_large,2026-02-24,15653.167401398112
chronos_t5_large,2026-02-25,15806.7908602493
chronos_t5_large,2026-02-26,15716.01383352172
chronos_t5_large,2026-02-27,15879.959500866484
chronos_t5_large,2026-03-02,16073.961577403732
chronos_t5_large,2026-03-03,15506.223803450566
chronos_t5_large,2026-03-04,15545.0858881352
chronos_t5_large,2026-03-05,15378.406607051795
chronos_t5_large,2026-03-06,15623.718791355761
chronos_t5_large,2026-03-09,15457.951208997552
chronos_t5_large,2026-03-10,15877.531269139861
chronos_t5_large,2026-03-11,15688.38565605586
chronos_t5_large,2026-03-12,15531.726166327917
chronos_t5_large,2026-03-13,15339.546004804111
chronos_t5_large,2026-03-16,15161.938198513952
chronos_t5_large,2026-03-17,15183.190414651235
chronos_t5_large,2026-03-18,14845.887087756375
chronos_t5_large,2026-03-19,13967.867847661031
chronos_t5_large,2026-03-20,13875.875222633187
chronos_t5_large,2026-03-23,13370.983880803627
chronos_t5_large,2026-03-24,13356.410043133033
chronos_t5_large,2026-03-25,13813.332690084646
chronos_t5_large,2026-03-26,13284.153101241047
chronos_t5_large,2026-03-27,13637.850698382992
chronos_t5_large,2026-03-30,13741.07574819266
chronos_t5_large,2026-03-31,14110.257399293445
chronos_t5_large,2026-04-01,14521.9434826688
chronos_t5_large,2026-04-02,14122.0976232254
chronos_t5_large,2026-04-06,14138.18799389742
chronos_t5_large,2026-04-07,14139.099692622616
chronos_t5_large,2026-04-08,14419.628649147378
chronos_t5_large,2026-04-09,14549.267760559593
chronos_t5_large,2026-04-10,14457.275135531749
chronos_t5_large,2026-04-13,14398.072533435028
chronos_t5_large,2026-04-14,14648.848980342373
chronos_t5_large,2026-04-15,14648.848980342373
chronos_t5_large,2026-04-16,14648.848980342373
chronos_t5_large,2026-04-17,14648.848980342373
chronos_t5_large,2026-04-20,14648.848980342373
chronos_t5_large,2026-04-21,14648.848980342373
chronos_t5_large,2026-04-22,14648.848980342373
chronos_t5_large,2026-04-23,14648.848980342373
chronos_t5_large,2026-04-24,14648.848980342373
chronos_t5_large,2026-04-27,14648.848980342373
chronos_t5_large,2026-04-28,14648.848980342373
chronos_t5_large,2026-04-29,14648.848980342373
chronos_t5_large,2026-04-30,14648.848980342373
chronos_t5_large,2026-05-01,14648.848980342373
chronos_t5_large,2026-05-04,14648.848980342373
chronos_t5_large,2026-05-05,14648.848980342373
chronos_t5_large,2026-05-06,14648.848980342373
chronos_t5_large,2026-05-07,14648.848980342373
chronos_t5_large,2026-05-08,14648.848980342373
chronos_t5_large,2026-05-11,14648.848980342373
chronos_t5_large,2026-05-12,14648.848980342373
chronos_t5_large,2026-05-13,14648.848980342373
chronos_t5_large,2026-05-14,14648.848980342373
chronos_t5_large,2026-05-15,14648.848980342373
chronos_t5_large,2026-05-18,14648.848980342373
chronos_t5_large,2026-05-19,14648.848980342373
chronos_t5_large,2026-05-20,14648.848980342373
chronos_t5_large,2026-05-21,14648.848980342373
chronos_t5_large,2026-05-22,14648.848980342373
chronos_t5_large,2026-05-26,14648.848980342373
chronos_t5_large,2026-05-27,14648.848980342373
chronos_t5_large,2026-05-28,14648.848980342373
chronos_t5_large,2026-05-29,14648.848980342373
chronos_t5_large,2026-06-01,14648.848980342373
chronos_t5_large,2026-06-02,14648.848980342373
chronos_t5_large,2026-06-03,14648.848980342373
chronos_t5_large,2026-06-04,14648.848980342373
chronos_t5_large,2026-06-05,14648.848980342373
chronos_t5_large,2026-06-08,14648.848980342373
chronos_t5_large,2026-06-09,14648.848980342373
chronos_t5_large,2026-06-10,14648.848980342373
naive,2025-06-30,10000.0
naive,2025-07-01,10000.0
naive,2025-07-02,10000.0
naive,2025-07-03,10000.0
naive,2025-07-04,10000.0
naive,2025-07-07,10000.0
naive,2025-07-08,10000.0
naive,2025-07-09,10000.0
naive,2025-07-10,10000.0
naive,2025-07-11,10000.0
naive,2025-07-14,10000.0
naive,2025-07-15,10000.0
naive,2025-07-16,10000.0
naive,2025-07-17,10000.0
naive,2025-07-18,10000.0
naive,2025-07-21,10000.0
naive,2025-07-22,10000.0
naive,2025-07-23,10000.0
naive,2025-07-24,10000.0
naive,2025-07-25,10000.0
naive,2025-07-28,10000.0
naive,2025-07-29,10000.0
naive,2025-07-30,10000.0
naive,2025-07-31,10000.0
naive,2025-08-01,10000.0
naive,2025-08-04,10000.0
naive,2025-08-05,10000.0
naive,2025-08-06,10000.0
naive,2025-08-07,10000.0
naive,2025-08-08,10000.0
naive,2025-08-11,10000.0
naive,2025-08-12,10000.0
naive,2025-08-13,10000.0
naive,2025-08-14,10000.0
naive,2025-08-15,10000.0
naive,2025-08-18,10000.0
naive,2025-08-19,10000.0
naive,2025-08-20,10000.0
naive,2025-08-21,10000.0
naive,2025-08-22,10000.0
naive,2025-08-25,10000.0
naive,2025-08-26,10000.0
naive,2025-08-27,10000.0
naive,2025-08-28,10000.0
naive,2025-08-29,10000.0
naive,2025-09-02,10000.0
naive,2025-09-03,10000.0
naive,2025-09-04,10000.0
naive,2025-09-05,10000.0
naive,2025-09-08,10000.0
naive,2025-09-09,10000.0
naive,2025-09-10,10000.0
naive,2025-09-11,10000.0
naive,2025-09-12,10000.0
naive,2025-09-15,10000.0
naive,2025-09-16,10000.0
naive,2025-09-17,10000.0
naive,2025-09-18,10000.0
naive,2025-09-19,10000.0
naive,2025-09-22,10000.0
naive,2025-09-23,10000.0
naive,2025-09-24,10000.0
naive,2025-09-25,10000.0
naive,2025-09-26,10000.0
naive,2025-09-29,10000.0
naive,2025-09-30,10000.0
naive,2025-10-01,10000.0
naive,2025-10-02,10000.0
naive,2025-10-03,10000.0
naive,2025-10-06,10000.0
naive,2025-10-07,10000.0
naive,2025-10-08,10000.0
naive,2025-10-09,10000.0
naive,2025-10-10,10000.0
naive,2025-10-13,10000.0
naive,2025-10-14,10000.0
naive,2025-10-15,10000.0
naive,2025-10-16,10000.0
naive,2025-10-17,10000.0
naive,2025-10-20,10000.0
naive,2025-10-21,10000.0
naive,2025-10-22,10000.0
naive,2025-10-23,10000.0
naive,2025-10-24,10000.0
naive,2025-10-27,10000.0
naive,2025-10-28,10000.0
naive,2025-10-29,10000.0
naive,2025-10-30,10000.0
naive,2025-10-31,10000.0
naive,2025-11-03,10000.0
naive,2025-11-04,10000.0
naive,2025-11-05,10000.0
naive,2025-11-06,10000.0
naive,2025-11-07,10000.0
naive,2025-11-10,10000.0
naive,2025-11-11,10000.0
naive,2025-11-12,10000.0
naive,2025-11-13,10000.0
naive,2025-11-14,10000.0
naive,2025-11-17,10000.0
naive,2025-11-18,10000.0
naive,2025-11-19,10000.0
naive,2025-11-20,10000.0
naive,2025-11-21,10000.0
naive,2025-11-24,10000.0
naive,2025-11-25,10000.0
naive,2025-11-26,10000.0
naive,2025-11-28,10000.0
naive,2025-12-01,10000.0
naive,2025-12-02,10000.0
naive,2025-12-03,10000.0
naive,2025-12-04,10000.0
naive,2025-12-05,10000.0
naive,2025-12-08,10000.0
naive,2025-12-09,10000.0
naive,2025-12-10,10000.0
naive,2025-12-11,10000.0
naive,2025-12-12,10000.0
naive,2025-12-15,10000.0
naive,2025-12-16,10000.0
naive,2025-12-17,10000.0
naive,2025-12-18,10000.0
naive,2025-12-19,10000.0
naive,2025-12-22,10000.0
naive,2025-12-23,10000.0
naive,2025-12-24,10000.0
naive,2025-12-26,10000.0
naive,2025-12-29,10000.0
naive,2025-12-30,10000.0
naive,2025-12-31,10000.0
naive,2026-01-02,10000.0
naive,2026-01-05,10000.0
naive,2026-01-06,10000.0
naive,2026-01-07,10000.0
naive,2026-01-08,10000.0
naive,2026-01-09,10000.0
naive,2026-01-12,10000.0
naive,2026-01-13,10000.0
naive,2026-01-14,10000.0
naive,2026-01-15,10000.0
naive,2026-01-16,10000.0
naive,2026-01-20,10000.0
naive,2026-01-21,10000.0
naive,2026-01-22,10000.0
naive,2026-01-23,10000.0
naive,2026-01-26,10000.0
naive,2026-01-27,10000.0
naive,2026-01-28,10000.0
naive,2026-01-29,10000.0
naive,2026-01-30,10000.0
naive,2026-02-02,10000.0
naive,2026-02-03,10000.0
naive,2026-02-04,10000.0
naive,2026-02-05,10000.0
naive,2026-02-06,10000.0
naive,2026-02-09,10000.0
naive,2026-02-10,10000.0
naive,2026-02-11,10000.0
naive,2026-02-12,10000.0
naive,2026-02-13,10000.0
naive,2026-02-17,10000.0
naive,2026-02-18,10000.0
naive,2026-02-19,10000.0
naive,2026-02-20,10000.0
naive,2026-02-23,10000.0
naive,2026-02-24,10000.0
naive,2026-02-25,10000.0
naive,2026-02-26,10000.0
naive,2026-02-27,10000.0
naive,2026-03-02,10000.0
naive,2026-03-03,10000.0
naive,2026-03-04,10000.0
naive,2026-03-05,10000.0
naive,2026-03-06,10000.0
naive,2026-03-09,10000.0
naive,2026-03-10,10000.0
naive,2026-03-11,10000.0
naive,2026-03-12,10000.0
naive,2026-03-13,10000.0
naive,2026-03-16,10000.0
naive,2026-03-17,10000.0
naive,2026-03-18,10000.0
naive,2026-03-19,10000.0
naive,2026-03-20,10000.0
naive,2026-03-23,10000.0
naive,2026-03-24,10000.0
naive,2026-03-25,10000.0
naive,2026-03-26,10000.0
naive,2026-03-27,10000.0
naive,2026-03-30,10000.0
naive,2026-03-31,10000.0
naive,2026-04-01,10000.0
naive,2026-04-02,10000.0
naive,2026-04-06,10000.0
naive,2026-04-07,10000.0
naive,2026-04-08,10000.0
naive,2026-04-09,10000.0
naive,2026-04-10,10000.0
naive,2026-04-13,10000.0
naive,2026-04-14,10000.0
naive,2026-04-15,10000.0
naive,2026-04-16,10000.0
naive,2026-04-17,10000.0
naive,2026-04-20,10000.0
naive,2026-04-21,10000.0
naive,2026-04-22,10000.0
naive,2026-04-23,10000.0
naive,2026-04-24,10000.0
naive,2026-04-27,10000.0
naive,2026-04-28,10000.0
naive,2026-04-29,10000.0
naive,2026-04-30,10000.0
naive,2026-05-01,10000.0
naive,2026-05-04,10000.0
naive,2026-05-05,10000.0
naive,2026-05-06,10000.0
naive,2026-05-07,10000.0
naive,2026-05-08,10000.0
naive,2026-05-11,10000.0
naive,2026-05-12,10000.0
naive,2026-05-13,10000.0
naive,2026-05-14,10000.0
naive,2026-05-15,10000.0
naive,2026-05-18,10000.0
naive,2026-05-19,10000.0
naive,2026-05-20,10000.0
naive,2026-05-21,10000.0
naive,2026-05-22,10000.0
naive,2026-05-26,10000.0
naive,2026-05-27,10000.0
naive,2026-05-28,10000.0
naive,2026-05-29,10000.0
naive,2026-06-01,10000.0
naive,2026-06-02,10000.0
naive,2026-06-03,10000.0
naive,2026-06-04,10000.0
naive,2026-06-05,10000.0
naive,2026-06-08,10000.0
naive,2026-06-09,10000.0
naive,2026-06-10,10000.0
moving_average,2025-06-30,10063.231058070747
moving_average,2025-07-01,10192.442804593158
moving_average,2025-07-02,10226.960472664967
moving_average,2025-07-03,10176.864548822345
moving_average,2025-07-04,10179.613433439667
moving_average,2025-07-07,10178.696889979361
moving_average,2025-07-08,10101.719917294817
moving_average,2025-07-09,10115.771594983247
moving_average,2025-07-10,10133.487954985709
moving_average,2025-07-11,10251.397654200606
moving_average,2025-07-14,10237.651739586809
moving_average,2025-07-15,10171.366033824108
moving_average,2025-07-16,10240.706387278764
moving_average,2025-07-17,10202.829054203961
moving_average,2025-07-18,10242.233711124742
moving_average,2025-07-21,10391.605684955897
moving_average,2025-07-22,10505.544193018533
moving_average,2025-07-23,10367.780029569527
moving_average,2025-07-24,10297.21736957993
moving_average,2025-07-25,10184.1954049776
moving_average,2025-07-28,10108.13497575336
moving_average,2025-07-29,10151.815841137439
moving_average,2025-07-30,10067.508012297641
moving_average,2025-07-31,10059.56562999312
moving_average,2025-08-01,10226.043929204661
moving_average,2025-08-04,10307.602873427137
moving_average,2025-08-05,10330.5127311168
moving_average,2025-08-06,10324.709198807523
moving_average,2025-08-07,10386.718696106927
moving_average,2025-08-08,10505.239175707497
moving_average,2025-08-11,10242.539474199375
moving_average,2025-08-12,10229.709357282289
moving_average,2025-08-13,10259.645053816164
moving_average,2025-08-14,10187.860833055225
moving_average,2025-08-15,10190.304700361508
moving_average,2025-08-18,10177.169566133383
moving_average,2025-08-19,10121.26936421789
moving_average,2025-08-20,10212.908794976536
moving_average,2025-08-21,10193.053584978828
moving_average,2025-08-22,10307.602873427137
moving_average,2025-08-25,10307.602873427137
moving_average,2025-08-26,10307.602873427137
moving_average,2025-08-27,10307.602873427137
moving_average,2025-08-28,10307.602873427137
moving_average,2025-08-29,10307.602873427137
moving_average,2025-09-02,10307.602873427137
moving_average,2025-09-03,10307.602873427137
moving_average,2025-09-04,10307.602873427137
moving_average,2025-09-05,10307.602873427137
moving_average,2025-09-08,10307.602873427137
moving_average,2025-09-09,10307.602873427137
moving_average,2025-09-10,10307.602873427137
moving_average,2025-09-11,10307.602873427137
moving_average,2025-09-12,10307.602873427137
moving_average,2025-09-15,10307.602873427137
moving_average,2025-09-16,10307.602873427137
moving_average,2025-09-17,10307.602873427137
moving_average,2025-09-18,10307.602873427137
moving_average,2025-09-19,10307.602873427137
moving_average,2025-09-22,10307.602873427137
moving_average,2025-09-23,10307.602873427137
moving_average,2025-09-24,10307.602873427137
moving_average,2025-09-25,10307.602873427137
moving_average,2025-09-26,10307.602873427137
moving_average,2025-09-29,10307.602873427137
moving_average,2025-09-30,10307.602873427137
moving_average,2025-10-01,10307.602873427137
moving_average,2025-10-02,10307.602873427137
moving_average,2025-10-03,10307.602873427137
moving_average,2025-10-06,10307.602873427137
moving_average,2025-10-07,10307.602873427137
moving_average,2025-10-08,10307.602873427137
moving_average,2025-10-09,10307.602873427137
moving_average,2025-10-10,10307.602873427137
moving_average,2025-10-13,10307.602873427137
moving_average,2025-10-14,10307.602873427137
moving_average,2025-10-15,10307.602873427137
moving_average,2025-10-16,10307.602873427137
moving_average,2025-10-17,10307.602873427137
moving_average,2025-10-20,10307.602873427137
moving_average,2025-10-21,10307.602873427137
moving_average,2025-10-22,10307.602873427137
moving_average,2025-10-23,10307.602873427137
moving_average,2025-10-24,10307.602873427137
moving_average,2025-10-27,10307.602873427137
moving_average,2025-10-28,10307.602873427137
moving_average,2025-10-29,10307.602873427137
moving_average,2025-10-30,10307.602873427137
moving_average,2025-10-31,10307.602873427137
moving_average,2025-11-03,10307.602873427137
moving_average,2025-11-04,10307.602873427137
moving_average,2025-11-05,10307.602873427137
moving_average,2025-11-06,10307.602873427137
moving_average,2025-11-07,10307.602873427137
moving_average,2025-11-10,10307.602873427137
moving_average,2025-11-11,10307.602873427137
moving_average,2025-11-12,10307.602873427137
moving_average,2025-11-13,10307.602873427137
moving_average,2025-11-14,10307.602873427137
moving_average,2025-11-17,10307.602873427137
moving_average,2025-11-18,10307.602873427137
moving_average,2025-11-19,10307.602873427137
moving_average,2025-11-20,10307.602873427137
moving_average,2025-11-21,10307.602873427137
moving_average,2025-11-24,10307.602873427137
moving_average,2025-11-25,10307.602873427137
moving_average,2025-11-26,10307.602873427137
moving_average,2025-11-28,10307.602873427137
moving_average,2025-12-01,10307.602873427137
moving_average,2025-12-02,10307.602873427137
moving_average,2025-12-03,10307.602873427137
moving_average,2025-12-04,10307.602873427137
moving_average,2025-12-05,10307.602873427137
moving_average,2025-12-08,10307.602873427137
moving_average,2025-12-09,10307.602873427137
moving_average,2025-12-10,10307.602873427137
moving_average,2025-12-11,10307.602873427137
moving_average,2025-12-12,10307.602873427137
moving_average,2025-12-15,10307.602873427137
moving_average,2025-12-16,10307.602873427137
moving_average,2025-12-17,10307.602873427137
moving_average,2025-12-18,10307.602873427137
moving_average,2025-12-19,10307.602873427137
moving_average,2025-12-22,10307.602873427137
moving_average,2025-12-23,10307.602873427137
moving_average,2025-12-24,10307.602873427137
moving_average,2025-12-26,10307.602873427137
moving_average,2025-12-29,10307.602873427137
moving_average,2025-12-30,10307.602873427137
moving_average,2025-12-31,10307.602873427137
moving_average,2026-01-02,10307.602873427137
moving_average,2026-01-05,10307.602873427137
moving_average,2026-01-06,10307.602873427137
moving_average,2026-01-07,10307.602873427137
moving_average,2026-01-08,10307.602873427137
moving_average,2026-01-09,10307.602873427137
moving_average,2026-01-12,10307.602873427137
moving_average,2026-01-13,10307.602873427137
moving_average,2026-01-14,10307.602873427137
moving_average,2026-01-15,10307.602873427137
moving_average,2026-01-16,10307.602873427137
moving_average,2026-01-20,10307.602873427137
moving_average,2026-01-21,10307.602873427137
moving_average,2026-01-22,10307.602873427137
moving_average,2026-01-23,10307.602873427137
moving_average,2026-01-26,10307.602873427137
moving_average,2026-01-27,10307.602873427137
moving_average,2026-01-28,10307.602873427137
moving_average,2026-01-29,10307.602873427137
moving_average,2026-01-30,10307.602873427137
moving_average,2026-02-02,10307.602873427137
moving_average,2026-02-03,10307.602873427137
moving_average,2026-02-04,10307.602873427137
moving_average,2026-02-05,10307.602873427137
moving_average,2026-02-06,10307.602873427137
moving_average,2026-02-09,10307.602873427137
moving_average,2026-02-10,10307.602873427137
moving_average,2026-02-11,10307.602873427137
moving_average,2026-02-12,10307.602873427137
moving_average,2026-02-13,10307.602873427137
moving_average,2026-02-17,10307.602873427137
moving_average,2026-02-18,10307.602873427137
moving_average,2026-02-19,10307.602873427137
moving_average,2026-02-20,10307.602873427137
moving_average,2026-02-23,10307.602873427137
moving_average,2026-02-24,10307.602873427137
moving_average,2026-02-25,10307.602873427137
moving_average,2026-02-26,10307.602873427137
moving_average,2026-02-27,10307.602873427137
moving_average,2026-03-02,10307.602873427137
moving_average,2026-03-03,10307.602873427137
moving_average,2026-03-04,10307.602873427137
moving_average,2026-03-05,10307.602873427137
moving_average,2026-03-06,10307.602873427137
moving_average,2026-03-09,10307.602873427137
moving_average,2026-03-10,10307.602873427137
moving_average,2026-03-11,10307.602873427137
moving_average,2026-03-12,10307.602873427137
moving_average,2026-03-13,10307.602873427137
moving_average,2026-03-16,10307.602873427137
moving_average,2026-03-17,10322.050855027856
moving_average,2026-03-18,10092.740545488488
moving_average,2026-03-19,9495.833110328378
moving_average,2026-03-20,9433.29338528425
moving_average,2026-03-23,9090.051025523087
moving_average,2026-03-24,9080.143233453007
moving_average,2026-03-25,9390.774837868463
moving_average,2026-03-26,9031.02049913505
moving_average,2026-03-27,9271.476192918442
moving_average,2026-03-30,9341.652103550505
moving_average,2026-03-31,9592.63438549095
moving_average,2026-04-01,9872.512630632833
moving_average,2026-04-02,9600.68377367768
moving_average,2026-04-06,9611.622556622307
moving_average,2026-04-07,9612.242360520497
moving_average,2026-04-08,9802.955516087743
moving_average,2026-04-09,9891.088606976615
moving_average,2026-04-10,9828.548881932487
moving_average,2026-04-13,9788.300933187627
moving_average,2026-04-14,9958.787317638353
moving_average,2026-04-15,9958.787317638353
moving_average,2026-04-16,9958.787317638353
moving_average,2026-04-17,9958.787317638353
moving_average,2026-04-20,9958.787317638353
moving_average,2026-04-21,9958.787317638353
moving_average,2026-04-22,9958.787317638353
moving_average,2026-04-23,9958.787317638353
moving_average,2026-04-24,9958.787317638353
moving_average,2026-04-27,9958.787317638353
moving_average,2026-04-28,9958.787317638353
moving_average,2026-04-29,9958.787317638353
moving_average,2026-04-30,9958.787317638353
moving_average,2026-05-01,9958.787317638353
moving_average,2026-05-04,9958.787317638353
moving_average,2026-05-05,9958.787317638353
moving_average,2026-05-06,9958.787317638353
moving_average,2026-05-07,9958.787317638353
moving_average,2026-05-08,9958.787317638353
moving_average,2026-05-11,9958.787317638353
moving_average,2026-05-12,9958.787317638353
moving_average,2026-05-13,10001.581184887213
moving_average,2026-05-14,9959.851836527283
moving_average,2026-05-15,9699.469892553298
moving_average,2026-05-18,9692.444483714045
moving_average,2026-05-19,9594.082522549157
moving_average,2026-05-20,9647.308466995693
moving_average,2026-05-21,9665.405288107515
moving_average,2026-05-22,9625.379793711412
moving_average,2026-05-26,9581.52140757362
moving_average,2026-05-27,9468.895517038598
moving_average,2026-05-28,9579.179258104128
moving_average,2026-05-29,9709.476785936937
moving_average,2026-06-01,9527.87027931305
moving_average,2026-06-02,9557.463696511479
moving_average,2026-06-03,9445.902324865387
moving_average,2026-06-04,9529.146870324385
moving_average,2026-06-05,9233.849954276544
moving_average,2026-06-08,9231.29469311542
moving_average,2026-06-09,9069.700933689584
moving_average,2026-06-10,8746.513414837915
sarimax,2025-06-30,10063.231058070747
sarimax,2025-07-01,10192.442804593158
sarimax,2025-07-02,10226.960472664967
sarimax,2025-07-03,10176.864548822345
sarimax,2025-07-04,10179.613433439667
sarimax,2025-07-07,10178.696889979361
sarimax,2025-07-08,10101.719917294817
sarimax,2025-07-09,10115.771594983247
sarimax,2025-07-10,10133.487954985709
sarimax,2025-07-11,10251.397654200606
sarimax,2025-07-14,10237.651739586809
sarimax,2025-07-15,10171.366033824108
sarimax,2025-07-16,10240.706387278764
sarimax,2025-07-17,10202.829054203961
sarimax,2025-07-18,10242.233711124742
sarimax,2025-07-21,10391.605684955897
sarimax,2025-07-22,10505.544193018533
sarimax,2025-07-23,10367.780029569527
sarimax,2025-07-24,10297.21736957993
sarimax,2025-07-25,10184.1954049776
sarimax,2025-07-28,10108.13497575336
sarimax,2025-07-29,10151.815841137439
sarimax,2025-07-30,10067.508012297641
sarimax,2025-07-31,10059.56562999312
sarimax,2025-08-01,10226.043929204661
sarimax,2025-08-04,10307.602873427137
sarimax,2025-08-05,10330.5127311168
sarimax,2025-08-06,10324.709198807523
sarimax,2025-08-07,10386.718696106927
sarimax,2025-08-08,10505.239175707497
sarimax,2025-08-11,10242.539474199375
sarimax,2025-08-12,10229.709357282289
sarimax,2025-08-13,10259.645053816164
sarimax,2025-08-14,10187.860833055225
sarimax,2025-08-15,10190.304700361508
sarimax,2025-08-18,10177.169566133383
sarimax,2025-08-19,10121.26936421789
sarimax,2025-08-20,10212.908794976536
sarimax,2025-08-21,10193.053584978828
sarimax,2025-08-22,10307.602873427137
sarimax,2025-08-25,10305.770532270122
sarimax,2025-08-26,10350.979467263774
sarimax,2025-08-27,10399.853830335052
sarimax,2025-08-28,10482.940098403506
sarimax,2025-08-29,10610.929538390978
sarimax,2025-09-02,10842.166219519242
sarimax,2025-09-03,10975.959937579586
sarimax,2025-09-04,10892.26288912546
sarimax,2025-09-05,11037.052891418683
sarimax,2025-09-08,11113.114066406519
sarimax,2025-09-09,11128.998085251966
sarimax,2025-09-10,11129.914628712271
sarimax,2025-09-11,11109.447892565297
sarimax,2025-09-12,11147.630988714733
sarimax,2025-09-15,11247.823582163572
sarimax,2025-09-16,11268.28957254695
sarimax,2025-09-17,11246.602021392227
sarimax,2025-09-18,11130.219646023308
sarimax,2025-09-19,11215.139001012374
sarimax,2025-09-22,11426.520472142933
sarimax,2025-09-23,11548.40136251009
sarimax,2025-09-24,11400.25094945028
sarimax,2025-09-25,11414.912661760785
sarimax,2025-09-26,11532.21158059001
sarimax,2025-09-29,11671.503067884994
sarimax,2025-09-30,11732.291004413055
sarimax,2025-10-01,11813.849948635532
sarimax,2025-10-02,11728.930593646466
sarimax,2025-10-03,11854.476912091252
sarimax,2025-10-06,12061.276411683877
sarimax,2025-10-07,12147.112310133249
sarimax,2025-10-08,12350.85716203392
sarimax,2025-10-09,12054.556335914296
sarimax,2025-10-10,12144.973460138002
sarimax,2025-10-13,12550.325805471293
sarimax,2025-10-14,12642.270999304576
sarimax,2025-10-15,12758.957646220935
sarimax,2025-10-16,13074.503647716192
sarimax,2025-10-17,12798.668066216349
sarimax,2025-10-20,13246.17395308774
sarimax,2025-10-21,12486.48322125128
sarimax,2025-10-22,12354.216827036913
sarimax,2025-10-23,12601.949053159893
sarimax,2025-10-24,12580.260756241574
sarimax,2025-10-27,12224.39430012883
sarimax,2025-10-28,12115.34352667876
sarimax,2025-10-29,12168.799861287971
sarimax,2025-10-30,12222.561958971815
sarimax,2025-10-31,12164.217889750038
sarimax,2025-11-03,12219.50731127986
sarimax,2025-11-04,12058.832544377594
sarimax,2025-11-05,12158.414357440763
sarimax,2025-11-06,12157.192050905822
sarimax,2025-11-07,12216.757680898943
sarimax,2025-11-10,12560.099783169233
sarimax,2025-11-11,12544.82654470946
sarimax,2025-11-12,12842.960457749696
sarimax,2025-11-13,12789.504123140485
sarimax,2025-11-14,12486.17820394024
sarimax,2025-11-17,12427.223354332793
sarimax,2025-11-18,12405.84082048911
sarimax,2025-11-19,12455.93674433173
sarimax,2025-11-20,12391.178362415005
sarimax,2025-11-21,12452.882096639774
sarimax,2025-11-24,12499.31259240477
sarimax,2025-11-25,12643.798323150551
sarimax,2025-11-26,12723.219163141379
sarimax,2025-11-28,12885.41976236243
sarimax,2025-12-01,12949.567363893482
sarimax,2025-12-02,12788.588325443776
sarimax,2025-12-03,12827.381456215286
sarimax,2025-12-04,12865.564552364722
sarimax,2025-12-05,12868.924963131312
sarimax,2025-12-08,12790.421412364387
sarimax,2025-12-09,12849.987042357507
sarimax,2025-12-10,12818.523276214057
sarimax,2025-12-11,13090.692683872676
sarimax,2025-12-12,13135.290838480656
sarimax,2025-12-15,13155.451811552995
sarimax,2025-12-16,13148.730990019818
sarimax,2025-12-17,13280.080840773879
sarimax,2025-12-18,13255.64365923824
sarimax,2025-12-19,13322.540145386612
sarimax,2025-12-22,13576.687429968137
sarimax,2025-12-23,13693.374076884498
sarimax,2025-12-24,13686.654746878512
sarimax,2025-12-26,13834.805159938325
sarimax,2025-12-29,13211.657030779528
sarimax,2025-12-30,13349.116176917498
sarimax,2025-12-31,13213.184354625504
sarimax,2026-01-02,13178.971703864732
sarimax,2026-01-05,13553.166046129207
sarimax,2026-01-06,13691.542481491078
sarimax,2026-01-07,13591.04337920401
sarimax,2026-01-08,13592.266431502545
sarimax,2026-01-09,13716.28393457416
sarimax,2026-01-12,14064.513771457016
sarimax,2026-01-13,14018.389784530253
sarimax,2026-01-14,14131.716020680024
sarimax,2026-01-15,14101.169543760476
sarimax,2026-01-16,14101.169543760476
sarimax,2026-01-20,14101.169543760476
sarimax,2026-01-21,14101.169543760476
sarimax,2026-01-22,14101.169543760476
sarimax,2026-01-23,14101.169543760476
sarimax,2026-01-26,14101.169543760476
sarimax,2026-01-27,14101.169543760476
sarimax,2026-01-28,14101.169543760476
sarimax,2026-01-29,14101.169543760476
sarimax,2026-01-30,14101.169543760476
sarimax,2026-02-02,14101.169543760476
sarimax,2026-02-03,14101.169543760476
sarimax,2026-02-04,14101.169543760476
sarimax,2026-02-05,14101.169543760476
sarimax,2026-02-06,14101.169543760476
sarimax,2026-02-09,14101.169543760476
sarimax,2026-02-10,14101.169543760476
sarimax,2026-02-11,14101.169543760476
sarimax,2026-02-12,14101.169543760476
sarimax,2026-02-13,14101.169543760476
sarimax,2026-02-17,13710.59326725621
sarimax,2026-02-18,14001.48983073708
sarimax,2026-02-19,13971.726036585109
sarimax,2026-02-20,14205.90289100213
sarimax,2026-02-23,14614.169629339869
sarimax,2026-02-24,14476.863237671363
sarimax,2026-02-25,14618.942201427162
sarimax,2026-02-26,14534.986886355258
sarimax,2026-02-27,14686.612365320425
sarimax,2026-03-02,14866.03557455558
sarimax,2026-03-03,14340.96215665769
sarimax,2026-03-04,14376.903833551785
sarimax,2026-03-05,14222.750166442705
sarimax,2026-03-06,14449.627631663307
sarimax,2026-03-09,14296.317150947125
sarimax,2026-03-10,14684.366610342262
sarimax,2026-03-11,14509.43491106343
sarimax,2026-03-12,14364.548068067535
sarimax,2026-03-13,14186.809860583395
sarimax,2026-03-16,14022.548925037798
sarimax,2026-03-17,14042.204079718467
sarimax,2026-03-18,13730.24842193688
sarimax,2026-03-19,12918.210568322083
sarimax,2026-03-20,12833.131004726312
sarimax,2026-03-23,12366.181235512317
sarimax,2026-03-24,12352.702592538986
sarimax,2026-03-25,12775.288418173384
sarimax,2026-03-26,12285.875615038623
sarimax,2026-03-27,12612.993546509768
sarimax,2026-03-30,12708.461440673022
sarimax,2026-03-31,13049.899830475613
sarimax,2026-04-01,13430.648529639544
sarimax,2026-04-02,13060.850285305029
sarimax,2026-04-06,13075.731496863622
sarimax,2026-04-07,13076.574683256522
sarimax,2026-04-08,13336.022450834405
sarimax,2026-04-09,13455.919442800405
sarimax,2026-04-10,13370.839879204634
sarimax,2026-04-13,13316.086234022769
sarimax,2026-04-14,13548.017333461628
sarimax,2026-04-15,13477.820352459237
sarimax,2026-04-16,13436.825041346883
sarimax,2026-04-17,13639.554470895704
sarimax,2026-04-20,13496.352629650824
sarimax,2026-04-21,13192.539547458558
sarimax,2026-04-22,13288.288503752778
sarimax,2026-04-23,13211.352886781115
sarimax,2026-04-24,13259.647587089888
sarimax,2026-04-27,13127.958324936359
sarimax,2026-04-28,12892.377530899288
sarimax,2026-04-29,12762.373270496773
sarimax,2026-04-30,12957.520877683422
sarimax,2026-05-01,13000.199819512005
sarimax,2026-05-04,12690.2102256124
sarimax,2026-05-05,12792.135693613958
sarimax,2026-05-06,13146.20953999698
sarimax,2026-05-07,13196.470304187736
sarimax,2026-05-08,13254.312890740664
sarimax,2026-05-11,13249.540318653371
sarimax,2026-05-12,13134.136207678483
sarimax,2026-05-13,13134.136207678483
sarimax,2026-05-14,13134.136207678483
sarimax,2026-05-15,13134.136207678483
sarimax,2026-05-18,13134.136207678483
sarimax,2026-05-19,13134.136207678483
sarimax,2026-05-20,13134.136207678483
sarimax,2026-05-21,13134.136207678483
sarimax,2026-05-22,13134.136207678483
sarimax,2026-05-26,13134.136207678483
sarimax,2026-05-27,13134.136207678483
sarimax,2026-05-28,13134.136207678483
sarimax,2026-05-29,13134.136207678483
sarimax,2026-06-01,13134.136207678483
sarimax,2026-06-02,13134.136207678483
sarimax,2026-06-03,13134.136207678483
sarimax,2026-06-04,13134.136207678483
sarimax,2026-06-05,13134.136207678483
sarimax,2026-06-08,13134.136207678483
sarimax,2026-06-09,13134.136207678483
sarimax,2026-06-10,13134.136207678483
xgboost,2025-06-30,10000.0
xgboost,2025-07-01,10000.0
xgboost,2025-07-02,10000.0
xgboost,2025-07-03,10000.0
xgboost,2025-07-04,10000.0
xgboost,2025-07-07,10000.0
xgboost,2025-07-08,10000.0
xgboost,2025-07-09,10000.0
xgboost,2025-07-10,10000.0
xgboost,2025-07-11,10000.0
xgboost,2025-07-14,10000.0
xgboost,2025-07-15,10000.0
xgboost,2025-07-16,10000.0
xgboost,2025-07-17,10000.0
xgboost,2025-07-18,10000.0
xgboost,2025-07-21,10000.0
xgboost,2025-07-22,10000.0
xgboost,2025-07-23,10000.0
xgboost,2025-07-24,10000.0
xgboost,2025-07-25,10000.0
xgboost,2025-07-28,10000.0
xgboost,2025-07-29,10000.0
xgboost,2025-07-30,10000.0
xgboost,2025-07-31,10000.0
xgboost,2025-08-01,10000.0
xgboost,2025-08-04,10000.0
xgboost,2025-08-05,10000.0
xgboost,2025-08-06,10000.0
xgboost,2025-08-07,10000.0
xgboost,2025-08-08,10000.0
xgboost,2025-08-11,10000.0
xgboost,2025-08-12,10000.0
xgboost,2025-08-13,10000.0
xgboost,2025-08-14,10000.0
xgboost,2025-08-15,10000.0
xgboost,2025-08-18,10000.0
xgboost,2025-08-19,10000.0
xgboost,2025-08-20,10000.0
xgboost,2025-08-21,10000.0
xgboost,2025-08-22,10000.0
xgboost,2025-08-25,10000.0
xgboost,2025-08-26,10000.0
xgboost,2025-08-27,10000.0
xgboost,2025-08-28,10000.0
xgboost,2025-08-29,10000.0
xgboost,2025-09-02,10000.0
xgboost,2025-09-03,10000.0
xgboost,2025-09-04,10000.0
xgboost,2025-09-05,10000.0
xgboost,2025-09-08,10000.0
xgboost,2025-09-09,10000.0
xgboost,2025-09-10,10000.0
xgboost,2025-09-11,10000.0
xgboost,2025-09-12,10000.0
xgboost,2025-09-15,10000.0
xgboost,2025-09-16,10000.0
xgboost,2025-09-17,10000.0
xgboost,2025-09-18,10000.0
xgboost,2025-09-19,10000.0
xgboost,2025-09-22,10000.0
xgboost,2025-09-23,10000.0
xgboost,2025-09-24,10000.0
xgboost,2025-09-25,10000.0
xgboost,2025-09-26,10000.0
xgboost,2025-09-29,10000.0
xgboost,2025-09-30,10000.0
xgboost,2025-10-01,10000.0
xgboost,2025-10-02,10000.0
xgboost,2025-10-03,10000.0
xgboost,2025-10-06,10000.0
xgboost,2025-10-07,10000.0
xgboost,2025-10-08,10000.0
xgboost,2025-10-09,10000.0
xgboost,2025-10-10,10000.0
xgboost,2025-10-13,10000.0
xgboost,2025-10-14,10000.0
xgboost,2025-10-15,10000.0
xgboost,2025-10-16,10000.0
xgboost,2025-10-17,10000.0
xgboost,2025-10-20,10000.0
xgboost,2025-10-21,10000.0
xgboost,2025-10-22,10000.0
xgboost,2025-10-23,10000.0
xgboost,2025-10-24,10000.0
xgboost,2025-10-27,10000.0
xgboost,2025-10-28,10000.0
xgboost,2025-10-29,10000.0
xgboost,2025-10-30,10000.0
xgboost,2025-10-31,10000.0
xgboost,2025-11-03,10000.0
xgboost,2025-11-04,10000.0
xgboost,2025-11-05,10000.0
xgboost,2025-11-06,10000.0
xgboost,2025-11-07,10000.0
xgboost,2025-11-10,10000.0
xgboost,2025-11-11,10000.0
xgboost,2025-11-12,10000.0
xgboost,2025-11-13,10000.0
xgboost,2025-11-14,10000.0
xgboost,2025-11-17,10000.0
xgboost,2025-11-18,10000.0
xgboost,2025-11-19,10000.0
xgboost,2025-11-20,10000.0
xgboost,2025-11-21,10000.0
xgboost,2025-11-24,10000.0
xgboost,2025-11-25,10000.0
xgboost,2025-11-26,10000.0
xgboost,2025-11-28,10000.0
xgboost,2025-12-01,10000.0
xgboost,2025-12-02,10000.0
xgboost,2025-12-03,10000.0
xgboost,2025-12-04,10000.0
xgboost,2025-12-05,10000.0
xgboost,2025-12-08,10000.0
xgboost,2025-12-09,10000.0
xgboost,2025-12-10,10000.0
xgboost,2025-12-11,10000.0
xgboost,2025-12-12,10000.0
xgboost,2025-12-15,10000.0
xgboost,2025-12-16,10000.0
xgboost,2025-12-17,10000.0
xgboost,2025-12-18,10000.0
xgboost,2025-12-19,10000.0
xgboost,2025-12-22,10000.0
xgboost,2025-12-23,10000.0
xgboost,2025-12-24,10000.0
xgboost,2025-12-26,10000.0
xgboost,2025-12-29,10000.0
xgboost,2025-12-30,10000.0
xgboost,2025-12-31,10000.0
xgboost,2026-01-02,10000.0
xgboost,2026-01-05,10000.0
xgboost,2026-01-06,10000.0
xgboost,2026-01-07,10000.0
xgboost,2026-01-08,10000.0
xgboost,2026-01-09,10000.0
xgboost,2026-01-12,10000.0
xgboost,2026-01-13,10000.0
xgboost,2026-01-14,10000.0
xgboost,2026-01-15,10000.0
xgboost,2026-01-16,10000.0
xgboost,2026-01-20,10000.0
xgboost,2026-01-21,10000.0
xgboost,2026-01-22,10000.0
xgboost,2026-01-23,10000.0
xgboost,2026-01-26,10000.0
xgboost,2026-01-27,10000.0
xgboost,2026-01-28,10000.0
xgboost,2026-01-29,10000.0
xgboost,2026-01-30,10000.0
xgboost,2026-02-02,10000.0
xgboost,2026-02-03,10000.0
xgboost,2026-02-04,10000.0
xgboost,2026-02-05,10000.0
xgboost,2026-02-06,10000.0
xgboost,2026-02-09,10000.0
xgboost,2026-02-10,10000.0
xgboost,2026-02-11,10000.0
xgboost,2026-02-12,10000.0
xgboost,2026-02-13,10000.0
xgboost,2026-02-17,10000.0
xgboost,2026-02-18,10000.0
xgboost,2026-02-19,10000.0
xgboost,2026-02-20,10000.0
xgboost,2026-02-23,10000.0
xgboost,2026-02-24,10000.0
xgboost,2026-02-25,10000.0
xgboost,2026-02-26,10000.0
xgboost,2026-02-27,10000.0
xgboost,2026-03-02,10000.0
xgboost,2026-03-03,10000.0
xgboost,2026-03-04,10000.0
xgboost,2026-03-05,10000.0
xgboost,2026-03-06,10000.0
xgboost,2026-03-09,10000.0
xgboost,2026-03-10,10000.0
xgboost,2026-03-11,10000.0
xgboost,2026-03-12,10000.0
xgboost,2026-03-13,10000.0
xgboost,2026-03-16,10000.0
xgboost,2026-03-17,10000.0
xgboost,2026-03-18,10000.0
xgboost,2026-03-19,10000.0
xgboost,2026-03-20,10000.0
xgboost,2026-03-23,10000.0
xgboost,2026-03-24,10000.0
xgboost,2026-03-25,10000.0
xgboost,2026-03-26,10000.0
xgboost,2026-03-27,10000.0
xgboost,2026-03-30,10000.0
xgboost,2026-03-31,10000.0
xgboost,2026-04-01,10000.0
xgboost,2026-04-02,10000.0
xgboost,2026-04-06,10000.0
xgboost,2026-04-07,10000.0
xgboost,2026-04-08,10000.0
xgboost,2026-04-09,10000.0
xgboost,2026-04-10,10000.0
xgboost,2026-04-13,10000.0
xgboost,2026-04-14,10000.0
xgboost,2026-04-15,10000.0
xgboost,2026-04-16,10000.0
xgboost,2026-04-17,10000.0
xgboost,2026-04-20,10000.0
xgboost,2026-04-21,10000.0
xgboost,2026-04-22,10000.0
xgboost,2026-04-23,10000.0
xgboost,2026-04-24,10000.0
xgboost,2026-04-27,10000.0
xgboost,2026-04-28,10000.0
xgboost,2026-04-29,10000.0
xgboost,2026-04-30,10000.0
xgboost,2026-05-01,10000.0
xgboost,2026-05-04,10000.0
xgboost,2026-05-05,10000.0
xgboost,2026-05-06,10000.0
xgboost,2026-05-07,10000.0
xgboost,2026-05-08,10000.0
xgboost,2026-05-11,10000.0
xgboost,2026-05-12,10000.0
xgboost,2026-05-13,10000.0
xgboost,2026-05-14,10000.0
xgboost,2026-05-15,10000.0
xgboost,2026-05-18,10000.0
xgboost,2026-05-19,10000.0
xgboost,2026-05-20,10000.0
xgboost,2026-05-21,10000.0
xgboost,2026-05-22,10000.0
xgboost,2026-05-26,10000.0
xgboost,2026-05-27,10000.0
xgboost,2026-05-28,10000.0
xgboost,2026-05-29,10000.0
xgboost,2026-06-01,10000.0
xgboost,2026-06-02,10000.0
xgboost,2026-06-03,10000.0
xgboost,2026-06-04,10000.0
xgboost,2026-06-05,10000.0
xgboost,2026-06-08,10000.0
xgboost,2026-06-09,10000.0
xgboost,2026-06-10,10000.0
xgboost_diff,2025-06-30,10000.0
xgboost_diff,2025-07-01,10000.0
xgboost_diff,2025-07-02,10000.0
xgboost_diff,2025-07-03,10000.0
xgboost_diff,2025-07-04,10000.0
xgboost_diff,2025-07-07,10000.0
xgboost_diff,2025-07-08,10000.0
xgboost_diff,2025-07-09,10000.0
xgboost_diff,2025-07-10,10000.0
xgboost_diff,2025-07-11,10000.0
xgboost_diff,2025-07-14,10000.0
xgboost_diff,2025-07-15,10000.0
xgboost_diff,2025-07-16,10000.0
xgboost_diff,2025-07-17,10000.0
xgboost_diff,2025-07-18,10000.0
xgboost_diff,2025-07-21,10000.0
xgboost_diff,2025-07-22,10000.0
xgboost_diff,2025-07-23,10000.0
xgboost_diff,2025-07-24,10000.0
xgboost_diff,2025-07-25,10000.0
xgboost_diff,2025-07-28,10000.0
xgboost_diff,2025-07-29,10000.0
xgboost_diff,2025-07-30,10000.0
xgboost_diff,2025-07-31,10000.0
xgboost_diff,2025-08-01,10000.0
xgboost_diff,2025-08-04,10000.0
xgboost_diff,2025-08-05,10000.0
xgboost_diff,2025-08-06,10000.0
xgboost_diff,2025-08-07,10000.0
xgboost_diff,2025-08-08,10000.0
xgboost_diff,2025-08-11,10000.0
xgboost_diff,2025-08-12,10000.0
xgboost_diff,2025-08-13,10000.0
xgboost_diff,2025-08-14,10000.0
xgboost_diff,2025-08-15,10000.0
xgboost_diff,2025-08-18,10000.0
xgboost_diff,2025-08-19,10000.0
xgboost_diff,2025-08-20,10000.0
xgboost_diff,2025-08-21,10000.0
xgboost_diff,2025-08-22,10000.0
xgboost_diff,2025-08-25,10000.0
xgboost_diff,2025-08-26,10000.0
xgboost_diff,2025-08-27,10000.0
xgboost_diff,2025-08-28,10000.0
xgboost_diff,2025-08-29,10000.0
xgboost_diff,2025-09-02,10000.0
xgboost_diff,2025-09-03,10000.0
xgboost_diff,2025-09-04,10000.0
xgboost_diff,2025-09-05,10000.0
xgboost_diff,2025-09-08,10000.0
xgboost_diff,2025-09-09,10000.0
xgboost_diff,2025-09-10,10000.0
xgboost_diff,2025-09-11,10000.0
xgboost_diff,2025-09-12,10000.0
xgboost_diff,2025-09-15,10000.0
xgboost_diff,2025-09-16,10000.0
xgboost_diff,2025-09-17,10000.0
xgboost_diff,2025-09-18,10000.0
xgboost_diff,2025-09-19,10000.0
xgboost_diff,2025-09-22,10000.0
xgboost_diff,2025-09-23,10000.0
xgboost_diff,2025-09-24,10000.0
xgboost_diff,2025-09-25,10000.0
xgboost_diff,2025-09-26,10000.0
xgboost_diff,2025-09-29,10000.0
xgboost_diff,2025-09-30,10000.0
xgboost_diff,2025-10-01,10000.0
xgboost_diff,2025-10-02,10000.0
xgboost_diff,2025-10-03,10000.0
xgboost_diff,2025-10-06,10000.0
xgboost_diff,2025-10-07,10000.0
xgboost_diff,2025-10-08,10000.0
xgboost_diff,2025-10-09,10000.0
xgboost_diff,2025-10-10,10000.0
xgboost_diff,2025-10-13,10000.0
xgboost_diff,2025-10-14,10000.0
xgboost_diff,2025-10-15,10000.0
xgboost_diff,2025-10-16,10000.0
xgboost_diff,2025-10-17,10000.0
xgboost_diff,2025-10-20,10000.0
xgboost_diff,2025-10-21,10000.0
xgboost_diff,2025-10-22,10000.0
xgboost_diff,2025-10-23,10000.0
xgboost_diff,2025-10-24,10000.0
xgboost_diff,2025-10-27,10000.0
xgboost_diff,2025-10-28,10000.0
xgboost_diff,2025-10-29,10000.0
xgboost_diff,2025-10-30,10000.0
xgboost_diff,2025-10-31,10000.0
xgboost_diff,2025-11-03,10000.0
xgboost_diff,2025-11-04,10000.0
xgboost_diff,2025-11-05,10000.0
xgboost_diff,2025-11-06,10000.0
xgboost_diff,2025-11-07,10000.0
xgboost_diff,2025-11-10,10000.0
xgboost_diff,2025-11-11,10000.0
xgboost_diff,2025-11-12,10000.0
xgboost_diff,2025-11-13,10000.0
xgboost_diff,2025-11-14,10000.0
xgboost_diff,2025-11-17,10000.0
xgboost_diff,2025-11-18,10000.0
xgboost_diff,2025-11-19,10000.0
xgboost_diff,2025-11-20,10000.0
xgboost_diff,2025-11-21,10000.0
xgboost_diff,2025-11-24,10000.0
xgboost_diff,2025-11-25,10000.0
xgboost_diff,2025-11-26,10000.0
xgboost_diff,2025-11-28,10000.0
xgboost_diff,2025-12-01,10000.0
xgboost_diff,2025-12-02,10000.0
xgboost_diff,2025-12-03,10000.0
xgboost_diff,2025-12-04,10000.0
xgboost_diff,2025-12-05,10000.0
xgboost_diff,2025-12-08,10000.0
xgboost_diff,2025-12-09,10000.0
xgboost_diff,2025-12-10,10000.0
xgboost_diff,2025-12-11,10000.0
xgboost_diff,2025-12-12,10000.0
xgboost_diff,2025-12-15,10000.0
xgboost_diff,2025-12-16,10000.0
xgboost_diff,2025-12-17,10099.895458241375
xgboost_diff,2025-12-18,10081.310256708095
xgboost_diff,2025-12-19,10132.187019035311
xgboost_diff,2025-12-22,10325.473568721685
xgboost_diff,2025-12-23,10414.217225432687
xgboost_diff,2025-12-24,10409.106975621442
xgboost_diff,2025-12-26,10521.779759916946
xgboost_diff,2025-12-29,10047.85712081833
xgboost_diff,2025-12-30,10152.398879443024
xgboost_diff,2025-12-31,10049.01869591416
xgboost_diff,2026-01-02,10022.998960027297
xgboost_diff,2026-01-05,10307.584858505634
xgboost_diff,2026-01-06,10412.824242798233
xgboost_diff,2026-01-07,10336.39169401208
xgboost_diff,2026-01-08,10337.321861569288
xgboost_diff,2026-01-09,10431.640851870136
xgboost_diff,2026-01-12,10696.479973719363
xgboost_diff,2026-01-13,10661.401313305842
xgboost_diff,2026-01-14,10747.58927793588
xgboost_diff,2026-01-15,10724.357776019282
xgboost_diff,2026-01-16,10659.542112542107
xgboost_diff,2026-01-20,11057.265879094552
xgboost_diff,2026-01-21,11224.996642321988
xgboost_diff,2026-01-22,11403.879207079799
xgboost_diff,2026-01-23,11560.46043747822
xgboost_diff,2026-01-26,11800.906482315018
xgboost_diff,2026-01-27,11801.370431742942
xgboost_diff,2026-01-28,12316.413282974212
xgboost_diff,2026-01-29,12355.441752453826
xgboost_diff,2026-01-30,10951.097461595422
xgboost_diff,2026-02-02,10738.761760947844
xgboost_diff,2026-02-03,11392.032048582878
xgboost_diff,2026-02-04,11430.82797617319
xgboost_diff,2026-02-05,11293.762114865256
xgboost_diff,2026-02-06,11502.381682686722
xgboost_diff,2026-02-09,11733.999076184806
xgboost_diff,2026-02-10,11624.57847528749
xgboost_diff,2026-02-11,11782.088738892437
xgboost_diff,2026-02-12,11438.495052416076
xgboost_diff,2026-02-13,11666.860262515971
xgboost_diff,2026-02-17,11666.860262515971
xgboost_diff,2026-02-18,11666.860262515971
xgboost_diff,2026-02-19,11666.860262515971
xgboost_diff,2026-02-20,11666.860262515971
xgboost_diff,2026-02-23,11666.860262515971
xgboost_diff,2026-02-24,11666.860262515971
xgboost_diff,2026-02-25,11666.860262515971
xgboost_diff,2026-02-26,11666.860262515971
xgboost_diff,2026-02-27,11666.860262515971
xgboost_diff,2026-03-02,11666.860262515971
xgboost_diff,2026-03-03,11666.860262515971
xgboost_diff,2026-03-04,11666.860262515971
xgboost_diff,2026-03-05,11666.860262515971
xgboost_diff,2026-03-06,11666.860262515971
xgboost_diff,2026-03-09,11666.860262515971
xgboost_diff,2026-03-10,11666.860262515971
xgboost_diff,2026-03-11,11666.860262515971
xgboost_diff,2026-03-12,11666.860262515971
xgboost_diff,2026-03-13,11666.860262515971
xgboost_diff,2026-03-16,11666.860262515971
xgboost_diff,2026-03-17,11666.860262515971
xgboost_diff,2026-03-18,11666.860262515971
xgboost_diff,2026-03-19,11666.860262515971
xgboost_diff,2026-03-20,11666.860262515971
xgboost_diff,2026-03-23,11666.860262515971
xgboost_diff,2026-03-24,11666.860262515971
xgboost_diff,2026-03-25,11666.860262515971
xgboost_diff,2026-03-26,11666.860262515971
xgboost_diff,2026-03-27,11666.860262515971
xgboost_diff,2026-03-30,11666.860262515971
xgboost_diff,2026-03-31,11666.860262515971
xgboost_diff,2026-04-01,11666.860262515971
xgboost_diff,2026-04-02,11666.860262515971
xgboost_diff,2026-04-06,11666.860262515971
xgboost_diff,2026-04-07,11666.860262515971
xgboost_diff,2026-04-08,11666.860262515971
xgboost_diff,2026-04-09,11666.860262515971
xgboost_diff,2026-04-10,11666.860262515971
xgboost_diff,2026-04-13,11666.860262515971
xgboost_diff,2026-04-14,11666.860262515971
xgboost_diff,2026-04-15,11606.410209342313
xgboost_diff,2026-04-16,11571.107142155877
xgboost_diff,2026-04-17,11745.68736798744
xgboost_diff,2026-04-20,11622.36925951318
xgboost_diff,2026-04-21,11360.740957111548
xgboost_diff,2026-04-22,11443.195065773436
xgboost_diff,2026-04-23,11376.942043628127
xgboost_diff,2026-04-24,11418.530971812545
xgboost_diff,2026-04-27,11305.126908191782
xgboost_diff,2026-04-28,11102.256765874006
xgboost_diff,2026-04-29,10990.303739662433
xgboost_diff,2026-04-30,11158.3548874852
xgboost_diff,2026-05-01,11195.107811415724
xgboost_diff,2026-05-04,10928.160612733871
xgboost_diff,2026-05-05,11015.933617675983
xgboost_diff,2026-05-06,11320.843922016933
xgboost_diff,2026-05-07,11364.125923956251
xgboost_diff,2026-05-08,11413.937003904366
xgboost_diff,2026-05-11,11409.827108687618
xgboost_diff,2026-05-12,11310.446985137105
xgboost_diff,2026-05-13,11359.049064021745
xgboost_diff,2026-05-14,11311.655986200578
xgboost_diff,2026-05-15,11015.933617675983
xgboost_diff,2026-05-18,11007.9546829231
xgboost_diff,2026-05-19,10896.24251239214
xgboost_diff,2026-05-20,10956.692565565798
xgboost_diff,2026-05-21,10977.24558364484
xgboost_diff,2026-05-22,10931.787615924291
xgboost_diff,2026-05-26,10881.976535976177
xgboost_diff,2026-05-27,10754.064459593737
xgboost_diff,2026-05-28,10879.316497503516
xgboost_diff,2026-05-29,11027.29869993867
xgboost_diff,2026-06-01,10821.043590776191
xgboost_diff,2026-06-02,10854.653584207725
xgboost_diff,2026-06-03,10727.950508888756
xgboost_diff,2026-06-04,10822.493447520277
xgboost_diff,2026-06-05,10487.117260911884
xgboost_diff,2026-06-08,10484.215186093508
xgboost_diff,2026-06-09,10300.689060791303
xgboost_diff,2026-06-10,9933.636810186892
tft,2025-06-30,10063.231058070747
tft,2025-07-01,10192.442804593158
tft,2025-07-02,10226.960472664967
tft,2025-07-03,10176.864548822345
tft,2025-07-04,10179.613433439667
tft,2025-07-07,10178.696889979361
tft,2025-07-08,10101.719917294817
tft,2025-07-09,10115.771594983247
tft,2025-07-10,10133.487954985709
tft,2025-07-11,10251.397654200606
tft,2025-07-14,10237.651739586809
tft,2025-07-15,10171.366033824108
tft,2025-07-16,10240.706387278764
tft,2025-07-17,10202.829054203961
tft,2025-07-18,10242.233711124742
tft,2025-07-21,10391.605684955897
tft,2025-07-22,10505.544193018533
tft,2025-07-23,10367.780029569527
tft,2025-07-24,10297.21736957993
tft,2025-07-25,10184.1954049776
tft,2025-07-28,10108.13497575336
tft,2025-07-29,10151.815841137439
tft,2025-07-30,10067.508012297641
tft,2025-07-31,10059.56562999312
tft,2025-08-01,10226.043929204661
tft,2025-08-04,10307.602873427137
tft,2025-08-05,10330.5127311168
tft,2025-08-06,10324.709198807523
tft,2025-08-07,10386.718696106927
tft,2025-08-08,10505.239175707497
tft,2025-08-11,10242.539474199375
tft,2025-08-12,10229.709357282289
tft,2025-08-13,10259.645053816164
tft,2025-08-14,10187.860833055225
tft,2025-08-15,10190.304700361508
tft,2025-08-18,10177.169566133383
tft,2025-08-19,10121.26936421789
tft,2025-08-20,10212.908794976536
tft,2025-08-21,10193.053584978828
tft,2025-08-22,10307.602873427137
tft,2025-08-25,10307.602873427137
tft,2025-08-26,10307.602873427137
tft,2025-08-27,10307.602873427137
tft,2025-08-28,10307.602873427137
tft,2025-08-29,10307.602873427137
tft,2025-09-02,10307.602873427137
tft,2025-09-03,10307.602873427137
tft,2025-09-04,10307.602873427137
tft,2025-09-05,10307.602873427137
tft,2025-09-08,10307.602873427137
tft,2025-09-09,10307.602873427137
tft,2025-09-10,10307.602873427137
tft,2025-09-11,10307.602873427137
tft,2025-09-12,10307.602873427137
tft,2025-09-15,10307.602873427137
tft,2025-09-16,10307.602873427137
tft,2025-09-17,10307.602873427137
tft,2025-09-18,10307.602873427137
tft,2025-09-19,10307.602873427137
tft,2025-09-22,10307.602873427137
tft,2025-09-23,10307.602873427137
tft,2025-09-24,10307.602873427137
tft,2025-09-25,10307.602873427137
tft,2025-09-26,10307.602873427137
tft,2025-09-29,10307.602873427137
tft,2025-09-30,10307.602873427137
tft,2025-10-01,10307.602873427137
tft,2025-10-02,10307.602873427137
tft,2025-10-03,10307.602873427137
tft,2025-10-06,10307.602873427137
tft,2025-10-07,10307.602873427137
tft,2025-10-08,10307.602873427137
tft,2025-10-09,10307.602873427137
tft,2025-10-10,10307.602873427137
tft,2025-10-13,10307.602873427137
tft,2025-10-14,10307.602873427137
tft,2025-10-15,10307.602873427137
tft,2025-10-16,10307.602873427137
tft,2025-10-17,10307.602873427137
tft,2025-10-20,10307.602873427137
tft,2025-10-21,10307.602873427137
tft,2025-10-22,10307.602873427137
tft,2025-10-23,10307.602873427137
tft,2025-10-24,10307.602873427137
tft,2025-10-27,10307.602873427137
tft,2025-10-28,10307.602873427137
tft,2025-10-29,10307.602873427137
tft,2025-10-30,10307.602873427137
tft,2025-10-31,10307.602873427137
tft,2025-11-03,10307.602873427137
tft,2025-11-04,10307.602873427137
tft,2025-11-05,10307.602873427137
tft,2025-11-06,10307.602873427137
tft,2025-11-07,10307.602873427137
tft,2025-11-10,10307.602873427137
tft,2025-11-11,10307.602873427137
tft,2025-11-12,10307.602873427137
tft,2025-11-13,10307.602873427137
tft,2025-11-14,10307.602873427137
tft,2025-11-17,10307.602873427137
tft,2025-11-18,10307.602873427137
tft,2025-11-19,10307.602873427137
tft,2025-11-20,10307.602873427137
tft,2025-11-21,10307.602873427137
tft,2025-11-24,10307.602873427137
tft,2025-11-25,10307.602873427137
tft,2025-11-26,10307.602873427137
tft,2025-11-28,10307.602873427137
tft,2025-12-01,10307.602873427137
tft,2025-12-02,10307.602873427137
tft,2025-12-03,10307.602873427137
tft,2025-12-04,10307.602873427137
tft,2025-12-05,10307.602873427137
tft,2025-12-08,10307.602873427137
tft,2025-12-09,10307.602873427137
tft,2025-12-10,10307.602873427137
tft,2025-12-11,10307.602873427137
tft,2025-12-12,10307.602873427137
tft,2025-12-15,10307.602873427137
tft,2025-12-16,10307.602873427137
tft,2025-12-17,10307.602873427137
tft,2025-12-18,10307.602873427137
tft,2025-12-19,10307.602873427137
tft,2025-12-22,10307.602873427137
tft,2025-12-23,10307.602873427137
tft,2025-12-24,10307.602873427137
tft,2025-12-26,10307.602873427137
tft,2025-12-29,10307.602873427137
tft,2025-12-30,10307.602873427137
tft,2025-12-31,10307.602873427137
tft,2026-01-02,10307.602873427137
tft,2026-01-05,10307.602873427137
tft,2026-01-06,10307.602873427137
tft,2026-01-07,10307.602873427137
tft,2026-01-08,10307.602873427137
tft,2026-01-09,10307.602873427137
tft,2026-01-12,10307.602873427137
tft,2026-01-13,10307.602873427137
tft,2026-01-14,10307.602873427137
tft,2026-01-15,10307.602873427137
tft,2026-01-16,10307.602873427137
tft,2026-01-20,10307.602873427137
tft,2026-01-21,10307.602873427137
tft,2026-01-22,10307.602873427137
tft,2026-01-23,10307.602873427137
tft,2026-01-26,10307.602873427137
tft,2026-01-27,10307.602873427137
tft,2026-01-28,10307.602873427137
tft,2026-01-29,10307.602873427137
tft,2026-01-30,10307.602873427137
tft,2026-02-02,10307.602873427137
tft,2026-02-03,10307.602873427137
tft,2026-02-04,10307.602873427137
tft,2026-02-05,10307.602873427137
tft,2026-02-06,10307.602873427137
tft,2026-02-09,10307.602873427137
tft,2026-02-10,10307.602873427137
tft,2026-02-11,10307.602873427137
tft,2026-02-12,10307.602873427137
tft,2026-02-13,10307.602873427137
tft,2026-02-17,10307.602873427137
tft,2026-02-18,10307.602873427137
tft,2026-02-19,10307.602873427137
tft,2026-02-20,10307.602873427137
tft,2026-02-23,10307.602873427137
tft,2026-02-24,10307.602873427137
tft,2026-02-25,10307.602873427137
tft,2026-02-26,10307.602873427137
tft,2026-02-27,10307.602873427137
tft,2026-03-02,10307.602873427137
tft,2026-03-03,10307.602873427137
tft,2026-03-04,10307.602873427137
tft,2026-03-05,10307.602873427137
tft,2026-03-06,10307.602873427137
tft,2026-03-09,10307.602873427137
tft,2026-03-10,10307.602873427137
tft,2026-03-11,10307.602873427137
tft,2026-03-12,10307.602873427137
tft,2026-03-13,10307.602873427137
tft,2026-03-16,10307.602873427137
tft,2026-03-17,10322.050855027856
tft,2026-03-18,10092.740545488488
tft,2026-03-19,9495.833110328378
tft,2026-03-20,9433.29338528425
tft,2026-03-23,9090.051025523087
tft,2026-03-24,9080.143233453007
tft,2026-03-25,9390.774837868463
tft,2026-03-26,9031.02049913505
tft,2026-03-27,9271.476192918442
tft,2026-03-30,9341.652103550505
tft,2026-03-31,9592.63438549095
tft,2026-04-01,9872.512630632833
tft,2026-04-02,9600.68377367768
tft,2026-04-06,9611.622556622307
tft,2026-04-07,9612.242360520497
tft,2026-04-08,9802.955516087743
tft,2026-04-09,9891.088606976615
tft,2026-04-10,9828.548881932487
tft,2026-04-13,9788.300933187627
tft,2026-04-14,9958.787317638353
tft,2026-04-15,9958.787317638353
tft,2026-04-16,9958.787317638353
tft,2026-04-17,9958.787317638353
tft,2026-04-20,9958.787317638353
tft,2026-04-21,9958.787317638353
tft,2026-04-22,9958.787317638353
tft,2026-04-23,9958.787317638353
tft,2026-04-24,9958.787317638353
tft,2026-04-27,9958.787317638353
tft,2026-04-28,9958.787317638353
tft,2026-04-29,9958.787317638353
tft,2026-04-30,9958.787317638353
tft,2026-05-01,9958.787317638353
tft,2026-05-04,9958.787317638353
tft,2026-05-05,9958.787317638353
tft,2026-05-06,9958.787317638353
tft,2026-05-07,9958.787317638353
tft,2026-05-08,9958.787317638353
tft,2026-05-11,9958.787317638353
tft,2026-05-12,9958.787317638353
tft,2026-05-13,9958.787317638353
tft,2026-05-14,9958.787317638353
tft,2026-05-15,9958.787317638353
tft,2026-05-18,9958.787317638353
tft,2026-05-19,9958.787317638353
tft,2026-05-20,9958.787317638353
tft,2026-05-21,9958.787317638353
tft,2026-05-22,9958.787317638353
tft,2026-05-26,9958.787317638353
tft,2026-05-27,9958.787317638353
tft,2026-05-28,9958.787317638353
tft,2026-05-29,9958.787317638353
tft,2026-06-01,9958.787317638353
tft,2026-06-02,9958.787317638353
tft,2026-06-03,9958.787317638353
tft,2026-06-04,9958.787317638353
tft,2026-06-05,9958.787317638353
tft,2026-06-08,9958.787317638353
tft,2026-06-09,9958.787317638353
tft,2026-06-10,9958.787317638353
chronos2,2025-06-30,10063.231058070747
chronos2,2025-07-01,10192.442804593158
chronos2,2025-07-02,10226.960472664967
chronos2,2025-07-03,10176.864548822345
chronos2,2025-07-04,10179.613433439667
chronos2,2025-07-07,10178.696889979361
chronos2,2025-07-08,10101.719917294817
chronos2,2025-07-09,10115.771594983247
chronos2,2025-07-10,10133.487954985709
chronos2,2025-07-11,10251.397654200606
chronos2,2025-07-14,10237.651739586809
chronos2,2025-07-15,10171.366033824108
chronos2,2025-07-16,10240.706387278764
chronos2,2025-07-17,10202.829054203961
chronos2,2025-07-18,10242.233711124742
chronos2,2025-07-21,10391.605684955897
chronos2,2025-07-22,10505.544193018533
chronos2,2025-07-23,10367.780029569527
chronos2,2025-07-24,10297.21736957993
chronos2,2025-07-25,10184.1954049776
chronos2,2025-07-28,10184.1954049776
chronos2,2025-07-29,10184.1954049776
chronos2,2025-07-30,10184.1954049776
chronos2,2025-07-31,10184.1954049776
chronos2,2025-08-01,10184.1954049776
chronos2,2025-08-04,10184.1954049776
chronos2,2025-08-05,10184.1954049776
chronos2,2025-08-06,10184.1954049776
chronos2,2025-08-07,10184.1954049776
chronos2,2025-08-08,10184.1954049776
chronos2,2025-08-11,10184.1954049776
chronos2,2025-08-12,10184.1954049776
chronos2,2025-08-13,10184.1954049776
chronos2,2025-08-14,10184.1954049776
chronos2,2025-08-15,10184.1954049776
chronos2,2025-08-18,10184.1954049776
chronos2,2025-08-19,10184.1954049776
chronos2,2025-08-20,10184.1954049776
chronos2,2025-08-21,10184.1954049776
chronos2,2025-08-22,10184.1954049776
chronos2,2025-08-25,10182.38500147052
chronos2,2025-08-26,10227.05267383625
chronos2,2025-08-27,10275.341890051097
chronos2,2025-08-28,10357.433410249347
chronos2,2025-08-29,10483.890500477997
chronos2,2025-09-02,10712.358707327507
chronos2,2025-09-03,10844.550584082648
chronos2,2025-09-04,10761.855596048705
chronos2,2025-09-05,10904.912104351208
chronos2,2025-09-08,10980.062639186544
chronos2,2025-09-09,10995.756487089378
chronos2,2025-09-10,10996.662057260399
chronos2,2025-09-11,10976.440358502461
chronos2,2025-09-12,11014.16630867031
chronos2,2025-09-15,11113.159349277743
chronos2,2025-09-16,11133.380311200719
chronos2,2025-09-17,11111.952413606357
chronos2,2025-09-18,10996.963422760764
chronos2,2025-09-19,11080.866083301056
chronos2,2025-09-22,11289.716796063283
chronos2,2025-09-23,11410.138471100041
chronos2,2025-09-24,11263.761784448781
chronos2,2025-09-25,11278.247959845265
chronos2,2025-09-26,11394.14252086188
chronos2,2025-09-29,11531.76634497322
chronos2,2025-09-30,11591.826499741417
chronos2,2025-10-01,11672.408981932953
chronos2,2025-10-02,11588.50632139266
chronos2,2025-10-03,11712.549540278538
chronos2,2025-10-06,11916.873139020623
chronos2,2025-10-07,12001.681369731938
chronos2,2025-10-08,12202.986892460594
chronos2,2025-10-09,11910.233519158075
chronos2,2025-10-10,11999.568127054567
chronos2,2025-10-13,12400.06740350444
chronos2,2025-10-14,12490.911786242608
chronos2,2025-10-15,12606.201405753603
chronos2,2025-10-16,12917.969542142677
chronos2,2025-10-17,12645.436393928167
chronos2,2025-10-20,13087.584529895375
chronos2,2025-10-21,13087.584529895375
chronos2,2025-10-22,13087.584529895375
chronos2,2025-10-23,13087.584529895375
chronos2,2025-10-24,13087.584529895375
chronos2,2025-10-27,13087.584529895375
chronos2,2025-10-28,13087.584529895375
chronos2,2025-10-29,13087.584529895375
chronos2,2025-10-30,13087.584529895375
chronos2,2025-10-31,13087.584529895375
chronos2,2025-11-03,13087.584529895375
chronos2,2025-11-04,13087.584529895375
chronos2,2025-11-05,13087.584529895375
chronos2,2025-11-06,13087.584529895375
chronos2,2025-11-07,13087.584529895375
chronos2,2025-11-10,13087.584529895375
chronos2,2025-11-11,13087.584529895375
chronos2,2025-11-12,13087.584529895375
chronos2,2025-11-13,13087.584529895375
chronos2,2025-11-14,13087.584529895375
chronos2,2025-11-17,13087.584529895375
chronos2,2025-11-18,13065.065765150957
chronos2,2025-11-19,13117.823699823863
chronos2,2025-11-20,13049.624169390632
chronos2,2025-11-21,13114.606733431803
chronos2,2025-11-24,13163.504465512675
chronos2,2025-11-25,13315.667918327728
chronos2,2025-11-26,13399.309044521282
chronos2,2025-11-28,13570.128703312163
chronos2,2025-12-01,13637.684997545419
chronos2,2025-12-02,13468.151811154488
chronos2,2025-12-03,13509.006341863025
chronos2,2025-12-04,13549.218421763773
chronos2,2025-12-05,13552.757398951913
chronos2,2025-12-08,13470.082305146598
chronos2,2025-12-09,13532.813149791766
chronos2,2025-12-10,13499.677453482926
chronos2,2025-12-11,13786.30947317233
chronos2,2025-12-12,13833.277496653278
chronos2,2025-12-15,13854.509788997746
chronos2,2025-12-16,13847.431834621466
chronos2,2025-12-17,13985.761389480038
chronos2,2025-12-18,13960.02565834356
chronos2,2025-12-19,14030.476908172795
chronos2,2025-12-22,14298.12914030592
chronos2,2025-12-23,14421.016314011982
chronos2,2025-12-24,14413.939930420074
chronos2,2025-12-26,14569.962800434974
chronos2,2025-12-29,13913.701656454772
chronos2,2025-12-30,14058.465144097465
chronos2,2025-12-31,13915.310139650803
chronos2,2026-01-02,13879.279487745984
chronos2,2026-01-05,14273.35787077331
chronos2,2026-01-06,14419.087390804243
chronos2,2026-01-07,14313.247939877978
chronos2,2026-01-08,14314.5359830623
chronos2,2026-01-09,14445.14356195243
chronos2,2026-01-12,14811.87773064725
chronos2,2026-01-13,14763.302794754643
chronos2,2026-01-14,14882.650991272565
chronos2,2026-01-15,14850.481327351967
chronos2,2026-01-16,14850.481327351967
chronos2,2026-01-20,14850.481327351967
chronos2,2026-01-21,14850.481327351967
chronos2,2026-01-22,14850.481327351967
chronos2,2026-01-23,14850.481327351967
chronos2,2026-01-26,14850.481327351967
chronos2,2026-01-27,14850.481327351967
chronos2,2026-01-28,14850.481327351967
chronos2,2026-01-29,14850.481327351967
chronos2,2026-01-30,14850.481327351967
chronos2,2026-02-02,14850.481327351967
chronos2,2026-02-03,14850.481327351967
chronos2,2026-02-04,14850.481327351967
chronos2,2026-02-05,14850.481327351967
chronos2,2026-02-06,14850.481327351967
chronos2,2026-02-09,14850.481327351967
chronos2,2026-02-10,14850.481327351967
chronos2,2026-02-11,14850.481327351967
chronos2,2026-02-12,14850.481327351967
chronos2,2026-02-13,14850.481327351967
chronos2,2026-02-17,14850.481327351967
chronos2,2026-02-18,14850.481327351967
chronos2,2026-02-19,14850.481327351967
chronos2,2026-02-20,14850.481327351967
chronos2,2026-02-23,14850.481327351967
chronos2,2026-02-24,14850.481327351967
chronos2,2026-02-25,14850.481327351967
chronos2,2026-02-26,14850.481327351967
chronos2,2026-02-27,14850.481327351967
chronos2,2026-03-02,14850.481327351967
chronos2,2026-03-03,14850.481327351967
chronos2,2026-03-04,14850.481327351967
chronos2,2026-03-05,14850.481327351967
chronos2,2026-03-06,14850.481327351967
chronos2,2026-03-09,14850.481327351967
chronos2,2026-03-10,14850.481327351967
chronos2,2026-03-11,14850.481327351967
chronos2,2026-03-12,14850.481327351967
chronos2,2026-03-13,14850.481327351967
chronos2,2026-03-16,14850.481327351967
chronos2,2026-03-17,14850.481327351967
chronos2,2026-03-18,14850.481327351967
chronos2,2026-03-19,14850.481327351967
chronos2,2026-03-20,14850.481327351967
chronos2,2026-03-23,14850.481327351967
chronos2,2026-03-24,14850.481327351967
chronos2,2026-03-25,14850.481327351967
chronos2,2026-03-26,14850.481327351967
chronos2,2026-03-27,14850.481327351967
chronos2,2026-03-30,14850.481327351967
chronos2,2026-03-31,14850.481327351967
chronos2,2026-04-01,14850.481327351967
chronos2,2026-04-02,14850.481327351967
chronos2,2026-04-06,14850.481327351967
chronos2,2026-04-07,14850.481327351967
chronos2,2026-04-08,14850.481327351967
chronos2,2026-04-09,14850.481327351967
chronos2,2026-04-10,14850.481327351967
chronos2,2026-04-13,14850.481327351967
chronos2,2026-04-14,14850.481327351967
chronos2,2026-04-15,14773.535828246517
chronos2,2026-04-16,14728.599356200579
chronos2,2026-04-17,14950.818558753832
chronos2,2026-04-20,14793.849740578711
chronos2,2026-04-21,14460.82901931361
chronos2,2026-04-22,14565.782980661801
chronos2,2026-04-23,14481.451014210583
chronos2,2026-04-24,14534.388615890064
chronos2,2026-04-27,14390.039160136595
chronos2,2026-04-28,14131.810365707059
chronos2,2026-04-29,13989.307902500475
chronos2,2026-04-30,14203.21639001363
chronos2,2026-05-01,14249.998351764676
chronos2,2026-05-04,13910.20732828336
chronos2,2026-05-05,14021.931591847764
chronos2,2026-05-06,14410.044989904012
chronos2,2026-05-07,14465.13766669516
chronos2,2026-05-08,14528.541058526407
chronos2,2026-05-11,14523.309666292304
chronos2,2026-05-12,14396.810965194587
chronos2,2026-05-13,14396.810965194587
chronos2,2026-05-14,14396.810965194587
chronos2,2026-05-15,14396.810965194587
chronos2,2026-05-18,14396.810965194587
chronos2,2026-05-19,14396.810965194587
chronos2,2026-05-20,14396.810965194587
chronos2,2026-05-21,14396.810965194587
chronos2,2026-05-22,14396.810965194587
chronos2,2026-05-26,14396.810965194587
chronos2,2026-05-27,14396.810965194587
chronos2,2026-05-28,14396.810965194587
chronos2,2026-05-29,14396.810965194587
chronos2,2026-06-01,14396.810965194587
chronos2,2026-06-02,14396.810965194587
chronos2,2026-06-03,14396.810965194587
chronos2,2026-06-04,14396.810965194587
chronos2,2026-06-05,14396.810965194587
chronos2,2026-06-08,14396.810965194587
chronos2,2026-06-09,14396.810965194587
chronos2,2026-06-10,14396.810965194587
cheater,2025-06-30,10000.0
cheater,2025-07-01,10128.399860618109
cheater,2025-07-02,10162.700641224877
cheater,2025-07-03,10162.700641224877
cheater,2025-07-04,10165.445700012786
cheater,2025-07-07,10165.445700012786
cheater,2025-07-08,10165.445700012786
cheater,2025-07-09,10179.586021433823
cheater,2025-07-10,10197.41414348446
cheater,2025-07-11,10316.067665328972
cheater,2025-07-14,10316.067665328972
cheater,2025-07-15,10316.067665328972
cheater,2025-07-16,10386.394480409397
cheater,2025-07-17,10386.394480409397
cheater,2025-07-18,10426.508090955069
cheater,2025-07-21,10578.567508621047
cheater,2025-07-22,10694.555955056914
cheater,2025-07-23,10694.555955056914
cheater,2025-07-24,10694.555955056914
cheater,2025-07-25,10694.555955056914
cheater,2025-07-28,10694.555955056914
cheater,2025-07-29,10740.770955166816
cheater,2025-07-30,10740.770955166816
cheater,2025-07-31,10740.770955166816
cheater,2025-08-01,10918.522693820974
cheater,2025-08-04,11005.604579009634
cheater,2025-08-05,11030.06582744828
cheater,2025-08-06,11030.06582744828
cheater,2025-08-07,11096.311648417106
cheater,2025-08-08,11222.929131459243
cheater,2025-08-11,11222.929131459243
cheater,2025-08-12,11222.929131459243
cheater,2025-08-13,11255.771335374002
cheater,2025-08-14,11255.771335374002
cheater,2025-08-15,11258.471373392214
cheater,2025-08-18,11258.471373392214
cheater,2025-08-19,11258.471373392214
cheater,2025-08-20,11360.407194952075
cheater,2025-08-21,11360.407194952075
cheater,2025-08-22,11488.075174897018
cheater,2025-08-25,11488.075174897018
cheater,2025-08-26,11538.47059580784
cheater,2025-08-27,11592.951952182886
cheater,2025-08-28,11685.57009175656
cheater,2025-08-29,11828.242811235901
cheater,2025-09-02,12086.00756232143
cheater,2025-09-03,12235.150441662025
cheater,2025-09-04,12235.150441662025
cheater,2025-09-05,12397.791343606727
cheater,2025-09-08,12483.229964416627
cheater,2025-09-09,12501.072295452013
cheater,2025-09-10,12502.1018379114
cheater,2025-09-11,12502.1018379114
cheater,2025-09-12,12545.071476111556
cheater,2025-09-15,12657.823974598914
cheater,2025-09-16,12680.855532824047
cheater,2025-09-17,12680.855532824047
cheater,2025-09-18,12680.855532824047
cheater,2025-09-19,12777.605651582187
cheater,2025-09-22,13018.436289518442
cheater,2025-09-23,13157.297337378364
cheater,2025-09-24,13157.297337378364
cheater,2025-09-25,13174.218763862727
cheater,2025-09-26,13309.596200660604
cheater,2025-09-29,13470.355777185026
cheater,2025-09-30,13540.512562239302
cheater,2025-10-01,13634.641655047519
cheater,2025-10-02,13634.641655047519
cheater,2025-10-03,13780.586679569395
cheater,2025-10-06,14020.986863446005
cheater,2025-10-07,14120.76933782864
cheater,2025-10-08,14357.618556309924
cheater,2025-10-09,14357.618556309924
cheater,2025-10-10,14465.310166385594
cheater,2025-10-13,14948.106396543126
cheater,2025-10-14,15057.61801890049
cheater,2025-10-15,15196.598029475292
cheater,2025-10-16,15572.430121523337
cheater,2025-10-17,15572.430121523337
cheater,2025-10-20,16116.920697903699
cheater,2025-10-21,16116.920697903699
cheater,2025-10-22,16116.920697903699
cheater,2025-10-23,16440.10432812794
cheater,2025-10-24,16440.10432812794
cheater,2025-10-27,16440.10432812794
cheater,2025-10-28,16440.10432812794
cheater,2025-10-29,16512.64273498694
cheater,2025-10-30,16585.596051818204
cheater,2025-10-31,16585.596051818204
cheater,2025-11-03,16660.981746134403
cheater,2025-11-04,16660.981746134403
cheater,2025-11-05,16798.568097349304
cheater,2025-11-06,16798.568097349304
cheater,2025-11-07,16880.874709559677
cheater,2025-11-10,17355.29805185152
cheater,2025-11-11,17355.29805185152
cheater,2025-11-12,17767.755163294023
cheater,2025-11-13,17767.755163294023
cheater,2025-11-14,17767.755163294023
cheater,2025-11-17,17767.755163294023
cheater,2025-11-18,17767.755163294023
cheater,2025-11-19,17839.50298937
cheater,2025-11-20,17839.50298937
cheater,2025-11-21,17928.337474595144
cheater,2025-11-24,17995.183172701625
cheater,2025-11-25,18203.198387249657
cheater,2025-11-26,18317.540080266695
cheater,2025-11-28,18551.059281592887
cheater,2025-12-01,18643.412187491263
cheater,2025-12-02,18643.412187491263
cheater,2025-12-03,18699.965444865076
cheater,2025-12-04,18755.629383838874
cheater,2025-12-05,18760.528245343092
cheater,2025-12-08,18760.528245343092
cheater,2025-12-09,18847.89696040805
cheater,2025-12-10,18847.89696040805
cheater,2025-12-11,19248.085097589483
cheater,2025-12-12,19313.660624860655
cheater,2025-12-15,19343.304596705224
cheater,2025-12-16,19343.304596705224
cheater,2025-12-17,19536.53542436426
cheater,2025-12-18,19536.53542436426
cheater,2025-12-19,19635.129321801476
cheater,2025-12-22,20009.698641547227
cheater,2025-12-23,20181.67465943324
cheater,2025-12-24,20181.67465943324
cheater,2025-12-26,20400.130044794347
cheater,2025-12-29,20400.130044794347
cheater,2025-12-30,20612.38082079678
cheater,2025-12-31,20612.38082079678
cheater,2026-01-02,20612.38082079678
cheater,2026-01-05,21197.63409070714
cheater,2026-01-06,21414.059760812102
cheater,2026-01-07,21414.059760812102
cheater,2026-01-08,21415.98680307668
cheater,2026-01-09,21611.388888705063
cheater,2026-01-12,22160.060122358653
cheater,2026-01-13,22160.060122358653
cheater,2026-01-14,22339.204535170662
cheater,2026-01-15,22339.204535170662
cheater,2026-01-16,22339.20453517066
cheater,2026-01-20,23172.71431220504
cheater,2026-01-21,23524.22770621558
cheater,2026-01-22,23899.111932921605
cheater,2026-01-23,24227.25924875456
cheater,2026-01-26,24731.162072963307
cheater,2026-01-27,24732.13437187211
cheater,2026-01-28,25811.50977810979
cheater,2026-01-29,25893.301749396618
cheater,2026-01-30,25893.301749396618
cheater,2026-02-02,25893.301749396618
cheater,2026-02-03,27468.46702991924
cheater,2026-02-04,27562.011768326312
cheater,2026-02-05,27562.011768326312
cheater,2026-02-06,28071.14016371106
cheater,2026-02-09,28636.393908248552
cheater,2026-02-10,28636.393908248552
cheater,2026-02-11,29024.410210325415
cheater,2026-02-12,29024.410210325415
cheater,2026-02-13,29603.871538527546
cheater,2026-02-17,29603.871538527546
cheater,2026-02-18,30231.974519078598
cheater,2026-02-19,30231.974519078598
cheater,2026-02-20,30738.685620996523
cheater,2026-02-23,31622.091837099983
cheater,2026-02-24,31622.091837099983
cheater,2026-02-25,31932.437660379896
cheater,2026-02-26,31932.437660379896
cheater,2026-02-27,32265.549151476294
cheater,2026-03-02,32659.730480191865
cheater,2026-03-03,32659.730480191865
cheater,2026-03-04,32741.583110966876
cheater,2026-03-05,32741.583110966876
cheater,2026-03-06,33263.867992343214
cheater,2026-03-09,33263.867992343214
cheater,2026-03-10,34166.75968504498
cheater,2026-03-11,34166.75968504498
cheater,2026-03-12,34166.75968504498
cheater,2026-03-13,34166.75968504498
cheater,2026-03-16,34166.75968504498
cheater,2026-03-17,34214.65061772325
cheater,2026-03-18,34214.65061772325
cheater,2026-03-19,34214.65061772325
cheater,2026-03-20,34214.65061772325
cheater,2026-03-23,34214.65061772325
cheater,2026-03-24,34214.65061772325
cheater,2026-03-25,35385.133455124036
cheater,2026-03-26,35385.133455124036
cheater,2026-03-27,36327.28133479995
cheater,2026-03-30,36602.24294775257
cheater,2026-03-31,37585.63585912785
cheater,2026-04-01,38682.2482581895
cheater,2026-04-02,38682.2482581895
cheater,2026-04-06,38726.32186039133
cheater,2026-04-07,38728.81912088092
cheater,2026-04-08,39497.22414323789
cheater,2026-04-09,39852.322403100574
cheater,2026-04-10,39852.322403100574
cheater,2026-04-13,39852.322403100574
cheater,2026-04-14,40546.44474413251
cheater,2026-04-15,40546.44474413251
cheater,2026-04-16,40546.4447441325
cheater,2026-04-17,41158.1932478093
cheater,2026-04-20,41158.1932478093
cheater,2026-04-21,41158.1932478093
cheater,2026-04-22,41456.911628167894
cheater,2026-04-23,41456.91162816789
cheater,2026-04-24,41608.45925088055
cheater,2026-04-27,41608.45925088055
cheater,2026-04-28,41608.45925088055
cheater,2026-04-29,41608.45925088055
cheater,2026-04-30,42244.68819430938
cheater,2026-05-01,42383.83198632262
cheater,2026-05-04,42383.83198632262
cheater,2026-05-05,42724.251241331214
cheater,2026-05-06,43906.81686861772
cheater,2026-05-07,44074.681998280095
cheater,2026-05-08,44267.86953627419
cheater,2026-05-11,44267.86953627419
cheater,2026-05-12,44267.86953627419
cheater,2026-05-13,44458.092830727925
cheater,2026-05-14,44458.092830727925
cheater,2026-05-15,44458.092830727925
cheater,2026-05-18,44458.092830727925
cheater,2026-05-19,44458.092830727925
cheater,2026-05-20,44704.736944289136
cheater,2026-05-21,44788.59594289995
cheater,2026-05-22,44788.59594289995
cheater,2026-05-26,44788.59594289995
cheater,2026-05-27,44788.59594289995
cheater,2026-05-28,45310.246425658705
cheater,2026-05-29,45926.56364195508
cheater,2026-06-01,45926.56364195508
cheater,2026-06-02,46069.21083576684
cheater,2026-06-03,46069.21083576685
cheater,2026-06-04,46475.208101436525
cheater,2026-06-05,46475.208101436525
cheater,2026-06-08,46475.208101436525
cheater,2026-06-09,46475.208101436525
cheater,2026-06-10,46475.208101436525
